"lat_new","lon_new","Flood_1999","Thao_check","VLUCD_L2_3","dsm_bathy","flow_accum","aspect","curvature","hillshade","roughness","slope","spi","tpi","twi","precip_s_1","flood_rfr_","hand30_100","gsw_occure","density_ri","density_ro","distance_r","distance_1","X","Y","Z"
"16.1897894411","107.218331345","0","0","11","837.418","0.0156652","340.174","-2.75690923032","202.616","28.6988","21.3628","0.00614772258742","2.75690923032","0.0401714552699","585.732","0.00872330425404","116.7","0","0.18667","0.00162208","0.0826286","0.172652","107.21833134522","16.18978944113","-2.3500001361754E-5"
"16.1808069766","107.201615632","0","0","11","1030.35","0.030464","221.327","2.95724053581","237.639","45.1383","29.2603","0.0170434074974","-2.95724053581","0.0532572121105","557.177","0.0145882141443","126.721","0","0.169031","0","0.0770083","0.239919","107.20161563196","16.180806976561","-2.3500001361754E-5"
"16.1836623295","107.256581181","0","0","11","711.652","0.0086841","353.57","1.90951437839","189.855","35.2656","28.2867","0.00467489685208","-1.90951437839","0.016073811391","611.174","0.0754445654772","32.7657","0","0.170722","0","0.0191849","0.239763","107.25658118098","16.183662329453","-2.3500001361754E-5"
"16.1779516228","107.173775938","0","0","11","938.294","0.0163108","264.312","-2.05566827457","255","45.2229","36.5438","0.0120989976399","2.05566827457","0.0216815597178","522.74","0.0243902439024","245.785","0","0.156694","0","0.146442","0.216515","107.17377593811","16.177951622769","-2.3500001361754E-5"
"16.172240917","107.221603104","0","0","11","1068.97","0.0107874","70.2398","2.094562435","84.8882","48.466","34.4688","0.00740045158522","-2.094562435","0.0156565285662","571.005","0.0507760551573","91.7557","0","0.192931","0","0.0425456","0.314705","107.221603104","16.172240916985","-2.3500001361754E-5"
"16.1700994019","107.203757146","0","0","11","1120.07","0.249926","265.442","0.113044062417","217.478","16.445","12.678","0.0555823250386","-0.113044062417","1.0984305861","547.616","0.0477141752231","137.562","0","0.167432","0","0.0473197","0.319912","107.20375714618","16.170099401866","-2.3500001361754E-5"
"16.1601056658","107.220889266","0","0","11","1401.51","0.194098","339.822","0.990181292106","197.892","24.1383","17.481","0.0627432316446","-0.990181292106","0.579342878448","554.613","0.0973028684882","38.8488","0","0.160809","0","0.170055","0.411147","107.22088926623","16.160105665844","-2.3500001361754E-5"
"16.1586779885","107.243732091","0","0","11","1136.99","0.0185888","308.895","-0.841546405136","255","62.1392","37.1219","0.0140777427807","0.841546405136","0.0243346257522","575.528","0.0244146602842","100.497","0","0.189407","0","0.0434183","0.403821","107.24373209116","16.158677988498","-2.3500001361754E-5"
"16.1536811205","107.199474117","0","0","11","1391.9","0.0473137","339.246","-2.88314136231","181.562","37.0608","28.0354","0.0252054319986","2.88314136231","0.0868321380256","522.407","0.0478642004644","127.99","0","0.153959","0","0.0396645","0.425755","107.19947411684","16.153681120487","-2.3500001361754E-5"
"16.1886591975","107.42076399","0","0","11","347.229","0.076203","105.723","-3.15564145504","137.017","23.4253","14.3879","0.0198684731428","3.15564145504","0.291990631531","480.863","0","43.5678","0","0.0794625","0.00551065","0.0785462","0.140356","107.42076399027","16.188659197464","-2.3500001361754E-5"
"16.1893730361","107.327965011","0","0","11","677.63","0.052335","81.3553","-7.6092482131","128.978","34.468","18.5044","0.0175831797194","7.6092482131","0.150632046012","585.894","0.00038351629712","51.7297","0","0.15233","0.0325785","0.224095","0.141502","107.32796501138","16.189373036137","-2.3500001361754E-5"
"16.1883617647","107.386797185","0","0","11","240.671","0.0128321","104.781","-4.19993387003","114.525","28.8001","22.3507","0.0052956676176","4.19993387003","0.0313967170372","501.75","0.0404040819486","61.8023","0","0.25139","0","0.052265","0.299952","107.38679718474","16.188361764684","-2.3500001361754E-5"
"16.1786654614","107.337244909","0","0","11","665.493","0.0399845","117.183","-1.11025073305","112.609","32.6173","24.9144","0.0198053103586","1.11025073305","0.0826207784108","563.454","0.00627467872564","64.1316","0","0.099561","0.0231954","0.129608","0.108535","107.33724490873","16.178665461442","-2.3500001361754E-5"
"16.1829484908","107.365798441","0","0","11","452.603","0.0236856","57.7456","1.05097052881","167.077","31.0334","24.0104","0.0105331426297","-1.05097052881","0.052847717583","524.47","0.0243902439024","121.416","0","0.245247","0","0.156799","0.227263","107.36579844125","16.18294849078","-2.3500001361754E-5"
"16.1865176823","107.40434571","0","0","11","361.777","0.01108","267.907","2.0111506458","240.55","24.5528","20.5503","0.00453484668059","-2.0111506458","0.0335632347227","484.466","0","52.7374","0","0.156625","0.00104005","0.178736","0.181597","107.40434570979","16.186517682345","-2.3500001361754E-5"
"16.1765239463","107.408628739","0","0","11","370.415","0.139127","312.253","5.68926347136","236.716","34.498","25.9878","0.0665772505261","-5.68926347136","0.273444317211","470.809","0.0499904861391","44.4597","0","0.146463","0.00520012","0.00132121","0.109211","107.40862873913","16.176523946323","-2.3500001361754E-5"
"16.1800931379","107.381502884","0","0","11","238.44","0.0951213","189.312","4.64747335434","197.454","34.3902","29.2821","0.0543894551529","-4.64747335434","0.166514068487","497.739","0.0906935125276","20.1832","0","0.263283","0","0.00421446","0.222552","107.38150288395","16.180093137888","-2.3500001361754E-5"
"16.1808069766","107.441465301","0","0","11","391.26","0.0156724","79.4764","1.3358299873","125.061","24.8211","19.6617","0.00558795596181","-1.3358299873","0.0439482460135","477.785","0.0134212234459","91.0232","0","0.0788811","0.0208128","0.356409","0.100116","107.44146530098","16.180806976561","-2.3500001361754E-5"
"16.1750962699","107.430757726","0","0","11","539.76","0.0252553","176.986","1.38844650254","176.733","28.0605","23.3166","0.0108689705196","-1.38844650254","0.0579399237963","474.036","0.00789324831921","225.156","0","0.0661273","0.02485","0.214429","0.0364005","107.43075772629","16.175096269877","-2.3500001361754E-5"
"16.1786654614","107.347952483","0","0","11","662.045","0.0141193","128.923","0.929521470338","153.969","14.329","11.338","0.00281286785732","-0.929521470338","0.0780486068565","547.093","0","42.0139","0","0.0975111","0.00261117","0.256903","0.17487","107.34795248342","16.178665461442","-2.3500001361754E-5"
"16.1862202496","107.316841031","0","0","11","625.617","0.00914373","226.499","-0.405930376417","179.375","6.75407","5.84394","0.000929051411891","0.405930376417","0.109364948855","595.956","0.182926829268","3.4352","0","0.26289","0.0663499","0.32578","0.0545686","107.31684103079","16.186220249565","-2.3500001361754E-5"
"16.1876479269","107.273296894","0","0","11","733.237","0.0243327","208.969","-0.178437329977","190.408","29.4823","23.0275","0.0114445948269","0.178437329977","0.0859379308701","618.327","0.0551854426628","47.4216","0","0.287775","0.0359499","0.165311","0.145481","107.27329689424","16.18764792691","-2.3500001361754E-5"
"16.1693855632","107.278710168","0","0","11","994.342","0.00824922","16.7022","1.08781888464","173.406","16.7751","10.3906","0.00151749126319","-1.08781888464","0.0473054153531","603.123","0","161.596","0","0.178749","0.0067545","0.153589","0.178244","107.27871016814","16.169385563193","-2.3500001361754E-5"
"16.1636748574","107.439323786","0","0","11","293.801","0.0140078","132.362","-2.03596331144","171.016","11.7184","4.82941","0.00119266268063","2.03596331144","0.261724226761","474.035","1.843517143E-5","118.859","0","0.1219","0.0350333","0.103418","0.00989497","107.43932378586","16.163674857409","-2.3500001361754E-5"
"16.1686717254","107.36222925","0","0","11","635.178","0.0153574","29.8368","0.682369167609","148.35","30.1563","23.2605","0.00660632065058","-0.682369167609","0.0358556329713","512.509","0.0191470134512","124.591","0","0.129462","0.00400822","0.0656292","0.123614","107.36222924968","16.16867172542","-2.3500001361754E-5"
"16.1698019691","107.393935568","0","0","11","390.845","0.0118487","117.157","-5.7284246029","120.431","33.776","22.3482","0.00509960942251","5.7284246029","0.0299339082144","474.223","0.00563431333578","58.4048","0","0.208757","0.000550199","0.139474","0.200833","107.39393556787","16.169801969086","-2.3500001361754E-5"
"16.1629610187","107.29512845","0","0","11","728.841","0.0166923","62.0865","4.97324354003","109.482","41.626","26.6171","0.00836278126059","-4.97324354003","0.0333245059731","593.068","0.0228004825988","136.385","0","0.259472","0.0680918","0.270061","0.0928536","107.29512844952","16.162961018736","-2.3500001361754E-5"
"16.1572503121","107.354377028","0","0","11","701.679","0.013981","141.082","-0.69737863699","125.722","37.8426","28.626","0.00759404098269","0.69737863699","0.0257233292778","511.157","0.0705470328041","93.3631","0","0.103406","0.024525","0.175956","0.116083","107.35437702788","16.157250312052","-2.3500001361754E-5"
"16.1615333423","107.380075208","0","0","11","565.132","0.0468216","102.932","-5.31573832169","82.8155","46.713","33.9475","0.0294862664289","5.31573832169","0.063181534915","473.054","0.0214079518793","144.618","0","0.213869","0.0139637","0.265889","0.092965","107.3800752075","16.16153334229","-2.3500001361754E-5"
"16.1601056658","107.408628739","0","0","11","526.492","0.0119611","294.589","0.622044353762","239.589","33.286","21.9244","0.00482400533528","-0.622044353762","0.0296288124369","461.029","0.0266165154378","186.626","0","0.160595","0.0182774","0.42244","0.121964","107.40862873913","16.160105665844","-2.3500001361754E-5"
"16.1622471801","107.420050152","0","0","11","681.337","0.0148961","76.7131","-2.25412552502","124.449","30.0123","21.3792","0.00589044635319","2.25412552502","0.0387225159601","464.631","0.00697674474188","107.777","0","0.0726574","0.0323475","0.0916718","0.0718364","107.42005015159","16.162247180063","-2.3500001361754E-5"
"16.1601056658","107.335817232","0","0","11","680.659","0.212495","183.553","-3.37357470073","184.918","29.1636","24.29","0.0953690293176","3.37357470073","0.419155677663","542.85","0.0447442142522","22.7491","0","0.210293","0.0855154","0.257263","0.0817295","107.33581723228","16.160105665844","-2.3500001361754E-5"
"16.1458288996","107.280137845","0","0","11","719.249","0.179529","121.703","5.83984910098","148.299","26.8325","15.4548","0.0498003556057","-5.83984910098","0.628102528329","571.515","0.0080300542242","12.8844","0","0.135838","0.00443343","0.166979","0.116315","107.28013784459","16.145828899584","-2.3500001361754E-5"
"16.1415458693","107.365798441","0","0","14","746.091","0.015776","292.004","1.0141767329","235.274","25.2336","19.331","0.00557135569007","-1.0141767329","0.0446646578082","474.088","0.0959299644651","59.3432","0","0.115062","0.0397877","0.212197","0.100183","107.36579844125","16.141545869346","-2.3500001361754E-5"
"16.1465427374","107.37864753","0","0","11","607.238","0.0942704","72.0908","-1.45817079168","156.364","10.2539","8.57586","0.0143441214927","1.45817079168","0.601416518059","460.554","0.0807775604317","19.2398","0","0.196654","0.0287809","0.0296684","0.0080354","107.37864753016","16.146542737357","-2.3500001361754E-5"
"16.1429735458","107.409342578","0","0","11","530.996","0.0121085","198.556","-4.54186613963","198.572","30.0506","18.5189","0.00408816724094","4.54186613963","0.0359132128775","452.31","0","109.38","0","0.172836","0.0443536","0.150957","0.054589","107.4093425778","16.142973545793","-2.3500001361754E-5"
"16.1444012231","107.390782781","0","0","11","546.298","0.013666","125.983","-3.73027122883","105.272","46.1316","31.3784","0.00834388610248","3.73027122883","0.0222400657871","444.018","0","186.171","0","0.207995","0.0380115","0.0743365","0.0243757","107.3907827813","16.144401223138","-2.3500001361754E-5"
"16.1493980911","107.350093999","0","0","11","664","0.0134593","150.077","-0.746114719301","186.21","12.4916","9.73053","0.003984853344","0.746114719301","0.229975928963","509.306","0","43.2118","0","0.168667","0.0756398","0.0711652","0.0641166","107.35009399854","16.149398091149","-2.3500001361754E-5"
"16.1469591432","107.438907381","0","0","11","519.841","0.0142937","337.331","-1.97709552404","205.146","33.4218","21.8593","0.00571790670567","1.97709552404","0.0355062514842","471.458","0","173.945","0","0.145406","0.0396936","0.102573","0.0423503","107.43890738087","16.14695914325","-2.3500001361754E-5"
"16.1394043551","107.285848551","0","0","11","748.865","0.040175","314.594","0.452628213271","248.473","48.621","32.1544","0.0256789220625","-0.452628213271","0.0616449474211","563.371","0","71.7374","0","0.126528","0.00615033","0.101721","0.102089","107.28584855127","16.139404355127","-2.3500001361754E-5"
"16.1394043551","107.420050152","0","0","11","670.106","0.0279425","105.779","-2.26684850123","112.43","35.8476","23.607","0.0122943107015","2.26684850123","0.0626925076053","456.33","0.000728284136725","123.753","0","0.13771","0.0352524","0.269774","0.0239942","107.42005015159","16.139404355127","-2.3500001361754E-5"
"16.1344074862","107.387927428","0","0","11","619.498","0.0148274","74.6017","0.0355156021452","126.032","27.1501","18.3815","0.00497881248764","-0.0355156021452","0.0452988660222","443.338","0.0243902439024","99.1031","0","0.214432","0.061664","0.251518","0.00637167","107.38792742841","16.134407486217","-2.3500001361754E-5"
"16.1298270241","107.434624351","0","0","11","743.767","0.0131629","313.835","-0.326636638167","187.451","23.6083","15.8451","0.00374267609288","0.326636638167","0.0466362176524","462.77","0.0185548176902","124.067","0","0.111058","0.0262036","0.118828","0.127869","107.43462435063","16.129827024098","-2.3500001361754E-5"
"16.1187030435","107.296556126","0","0","11","942.1","0.0126325","323.766","-0.00928717291863","236.342","51.2978","32.9915","0.00842257304373","0.00928717291863","0.0198485269023","522.557","0.0275058421149","113.976","0","0.160767","0.00205656","0.0380059","0.192217","107.29655612596","16.118703043511","-2.3500001361754E-5"
"16.127269104","107.412197931","0","0","11","866.04","0.00837732","30.8274","1.70625718288","139.43","39.9397","26.4953","0.00428939585217","-1.70625718288","0.0173720604204","449.92","0","339.292","0","0.214215","0.0799892","0.25179","0.0392233","107.41219793069","16.127269103986","-2.3500001361754E-5"
"16.1187030435","107.377933692","0","0","11","659.343","0.00867412","215.596","-3.1133800868","200.653","22.6661","12.4615","0.00199842648049","3.1133800868","0.0425560702171","445.522","0.238382689667","97.7479","0","0.204962","0.104618","0.118161","0.0905961","107.37793369239","16.118703043511","-2.3500001361754E-5"
"16.1244137502","107.388641267","0","0","11","521.522","0.186722","37.8767","-2.71910132662","144.476","24.5697","19.3208","0.108712608034","2.71910132662","0.899805149631","441.679","0.279876132662","17.7837","0","0.241749","0.0886054","0.0384064","0.0109423","107.38864126708","16.124413750194","-2.3500001361754E-5"
"16.1286967804","107.373650662","0","0","11","707.045","0.0539211","154.667","1.80197023724","173.827","17.0373","11.3894","0.0116316014556","-1.80197023724","0.249636894633","453.999","0.00506186613401","8.31615","0","0.174251","0.0622952","0.19211","0.110111","107.37365066215","16.128696780432","-2.3500001361754E-5"
"16.1244137502","107.444320654","0","0","11","638.055","0.00975798","74.2435","1.53908769102","85.1718","46.6101","33.4198","0.00666619501294","-1.53908769102","0.0152515532333","468.388","0.00621268518883","120.484","0","0.119989","0.000326992","0.0954871","0.202291","107.44432065388","16.124413750194","-2.3500001361754E-5"
"16.1187030435","107.42076399","0","0","14","544","0.0229388","157.971","3.18278177128","192.067","16.5488","12.5053","0.00497723549876","-3.18278177128","0.12618639186","451.047","0.0298407005663","21.3974","0","0.167497","0.0498895","0.0441061","0.020932","107.42076399027","16.118703043511","-2.3500001361754E-5"
"16.1286967804","107.357946219","0","0","11","655.832","0.0225609","251.908","-4.03571430444","242.433","26.2015","21.4908","0.00864576239384","4.03571430444","0.0565097646824","472.7","0.0243902439024","49.3195","0","0.18248","0.0879261","0.0522541","0.0182255","107.35794621944","16.128696780432","-2.3500001361754E-5"
"16.1122784991","107.396493488","0","0","5","473","0.182198","75.3722","0.0639319123116","179.576","3.68952","3.58218","0.0114492999078","-0.0639319123116","84.5221500722","437.201","0.353644920639","3.49002","0","0.247619","0.100814","0.00334192","0.00650233","107.39649348798","16.112278499054","-2.3500001361754E-5"
"16.1079954697","107.444320654","0","0","11","814.365","0.083708","143.96","2.53694882892","130.205","48.0831","29.553","0.0478636864281","-2.53694882892","0.146366699477","463.049","0","75.1727","0","0.115534","0.00700168","0.270738","0.13244","107.44432065388","16.107995469715","-2.3500001361754E-5"
"16.1129923377","107.409342578","0","0","4","481.638","1.19063","183.382","0.932260382891","179.686","10.8188","8.04275","0.20367046547","-0.932260382891","8.07083656631","437.76","0.269082195909","7.75663","0","0.215763","0.0815325","0.00492282","0.000312887","107.4093425778","16.112992337726","-2.3500001361754E-5"
"16.1051401159","107.309405215","0","0","11","809.687","0.492101","132.968","-0.132451815794","102.798","60.4697","36.0179","0.355593028713","0.132451815794","0.549938076017","495.235","0.023881263128","58.6661","0","0.17194","0.0439341","0.0342808","0.0939451","107.30940521488","16.105140115924","-2.3500001361754E-5"
"16.0987155715","107.372936824","0","0","14","567.69","0.0126925","115.814","-1.26146155585","113.619","29.8604","24.8907","0.00617916826106","1.26146155585","0.0304229617729","436.376","0.126932536133","58.888","0","0.23227","0.147807","0.0590582","0.0318915","107.37293682438","16.098715571467","-2.3500001361754E-5"
"16.0944325421","107.402918032","0","0","11","649.786","0.0195137","119.034","2.18759948621","105.398","32.4311","29.5441","0.0111851705507","-2.18759948621","0.0362304759957","431.104","0.0224264048176","87.7762","0","0.215011","0.0746458","0.0810389","0.0740059","107.40291803244","16.094432542128","-2.3500001361754E-5"
"16.0987155715","107.424333182","0","0","11","526.774","2.1313","184.672","3.93610322718","211.783","21.9997","12.0757","0.429225872433","-3.93610322718","13.7094398208","445.571","0.0243902439024","7.25132","0","0.130115","0.0248701","0.0100209","0.0275701","107.42433318183","16.098715571467","-2.3500001361754E-5"
"16.0944325421","107.432899241","0","0","11","617.312","0.0301991","53.6978","0.270862631615","154.896","13.9167","11.1228","0.00641705122963","-0.270862631615","0.172338904895","447.626","0.0398911115007","43.0809","0","0.130837","0.0117179","0.0823691","0.0422909","107.43289924141","16.094432542128","-2.3500001361754E-5"
"16.1029986017","107.380789045","0","0","3","484","1.72348","7.55399","-0.315319149385","180.169","1.31211","0.0674463","0.00350700903976","0.315319149385","971.449111713","434.602","0.220375010445","2.04321","0","0.24345","0.121516","0.00994388","0.00637721","107.38078904528","16.102998601704","-2.3500001361754E-5"
"16.0880079968","107.392210459","0","0","14","547.76","0.0105058","110.955","-0.316575921856","137.783","33.4505","27.538","0.00552575046446","0.316575921856","0.0201372122891","428.396","0.0243902439024","36.9526","0","0.162218","0.0681708","0.0604188","0.0441172","107.39221045865","16.088007996772","-2.3500001361754E-5"
"16.0758727456","107.38721359","0","0","11","550.373","0.0115276","100.756","1.96645404953","106.837","34.1588","28.6161","0.010825099169","-1.96645404953","0.0478108281417","420.755","0","42.8764","0","0.118838","0.0488197","0.0749044","0.0421598","107.38721358974","16.075872745631","-2.3500001361754E-5"
"16.1505283348","107.454016958","0","0","11","210.115","0.0861973","82.9947","2.22258059993","133.209","27.0473","16.0353","0.0253675158811","-2.22258059993","0.297091323586","484.044","0.0627173884951","10.4598","0","0.183461","0.0297375","0.000477383","0.040444","107.45401695802","16.150528334815","-2.3500001361754E-5"
"16.13726284","107.454314391","0","0","11","493.279","0.0339757","29.0273","-0.449672841989","126.542","61.0036","37.8515","0.0284724895118","0.449672841989","0.0452774437715","479.182","0.00580996573294","97.5338","0","0.200492","0.0164811","0.0324036","0.136102","107.4543143908","16.137262840008","-2.3500001361754E-5"
"16.132265972","107.460738935","0","0","11","679.057","0.0139307","262.737","0.00125887253735","205.446","26.7447","20.8509","0.00533550926972","-0.00125887253735","0.0395721728975","481.785","0","327.654","0","0.185998","0.00591074","0.172159","0.164126","107.46073893525","16.132265971997","-2.3500001361754E-5"
"16.1079954697","107.462166612","0","0","11","910.247","0.00829564","73.4823","-4.41905288512","136.967","37.2815","25.7222","0.00400160880044","4.41905288512","0.0172729167437","470.996","0","261.932","0","0.124238","0","0.170049","0.259629","107.4621666117","16.107995469715","-2.3500001361754E-5"
"16.0466053753","107.460025097","0","0","11","578.648","1.31939","137.653","-5.00701781185","123.213","36.5097","29.1892","0.735012462607","5.00701781185","1.5143490185","423.617","0.0144660094777","27.4904","0","0.122229","0","0.0304556","0.479211","107.46002509658","16.046605375338","-2.3500001361754E-5"
"16.187231521","107.467877318","0","0","11","468.045","0.0120042","148.739","-3.55927840519","167.536","21.175","10.7493","0.00241911084535","3.55927840519","0.070092843677","491.415","0","124.346","0","0.0920156","0.000681049","0.325871","0.190403","107.46787731838","16.187231521018","-2.3500001361754E-5"
"16.1886591975","107.549968723","0","0","11","332.119","0.0102104","238.413","-0.676662543826","227.584","22.9628","18.1589","0.00333070262441","0.676662543826","0.0316537459638","488.042","0","94.537","0","0.192457","0","0.230884","0.452738","107.54996872258","16.188659197464","-2.3500001361754E-5"
"16.1893730361","107.564245489","0","0","11","364.039","0.0218607","240.807","0.693473027309","249.142","41.1781","26.7494","0.0110330414981","-0.693473027309","0.0431859677949","487.504","0.0509739670036","60.4826","0","0.123019","0","0.0415092","0.355892","107.56424548884","16.189373036137","-2.3500001361754E-5"
"16.187231521","107.61421417","0","0","11","438.067","0.0116545","292.173","-3.10518190744","255","57.4145","35.7859","0.00852251259363","3.10518190744","0.0161977190394","486.212","0.0406504065041","145.015","0","0.230918","0.014419","0.270746","0.118188","107.61421416985","16.187231521018","-2.3500001361754E-5"
"16.1736685934","107.572097711","0","0","11","582.65","0.0192797","309.327","-0.276915374846","201.006","14.9026","10.1887","0.00329544220628","0.276915374846","0.115131242642","478.814","0.0084784029859","116.543","0","0.161303","0","0.0429431","0.305944","107.57209771064","16.173668593431","-2.3500001361754E-5"
"16.1843761681","107.583519123","0","0","11","318.376","0.0202567","214.347","-4.20782827581","215.439","26.2951","20.5706","0.0274573966071","4.20782827581","0.158359833227","483.697","0.0231940452611","65.8875","0","0.194409","0","0.0979163","0.241285","107.58351912311","16.184376168126","-2.3500001361754E-5"
"16.1815208143","107.556393268","0","0","11","195","0.346478","229.881","2.667679272","193.674","7.99161","10.9185","0.0714794424243","-2.667679272","1.60392550773","485.274","0.0548780487805","18.6422","0","0.147827","0","0.00224076","0.434861","107.55639326793","16.181520814334","-2.3500001361754E-5"
"16.1743229446","107.619389498","0","0","11","271.411","0.316861","232.817","-0.379762932362","241.728","36.7319","25.3461","0.15397492754","0.379762932362","0.59004811443","484.135","0.00710847002721","67.144","0","0.173625","0.0152353","0.272198","0.0123036","107.61938949753","16.174322944648","-2.3500001361754E-5"
"16.1731332144","107.600353809","0","0","11","253.436","0.0101967","260.31","-4.18977576782","197.746","15.776","9.38612","0.00173184132762","4.18977576782","0.0682002158001","479.08","0","95.5013","0","0.176225","0.0069403","0.0615523","0.0879159","107.60035380948","16.173133214426","-2.3500001361754E-5"
"16.1686717254","107.556393268","0","0","11","255.961","0.188881","303.574","-4.24253167751","208.655","13.8366","14.3001","0.0490258018445","4.24253167751","0.667431941211","481.028","0.119900576556","55.3344","0","0.21859","0","0.0362941","0.427057","107.55639326793","16.16867172542","-2.3500001361754E-5"
"16.1651025339","107.58066377","0","0","11","430.681","0.269037","197.87","0.226308140384","197.203","35.6221","24.5984","0.120110088975","-0.226308140384","0.544322553341","472.212","0.0103677777973","43.3513","0","0.170546","0","0.0428071","0.2427","107.58066377022","16.165102533855","-2.3500001361754E-5"
"16.1683742926","107.512313752","0","0","11","196.045","0.0123941","139.627","-0.112902503845","160.814","16.6583","9.66399","0.00212610173861","0.112902503845","0.0839154498123","500.964","0.0575092038359","80.8165","0","0.437963","0","0.139844","0.32979","107.51231375238","16.16837429264","-2.3500001361754E-5"
"16.1707537531","107.468293724","0","0","14","153.715","0.1401","205.585","2.89039017223","197.808","18.0361","13.6909","0.0344707511233","-2.89039017223","0.539766889077","494.435","0.0503090970082","6.81915","0","0.119802","0.0145872","0.172373","0.0591868","107.46829372428","16.170753753083","-2.3500001361754E-5"
"16.1586779885","107.567100842","0","0","11","401.585","0.0174844","145.606","-6.02565067283","149.955","24.7204","18.0645","0.00567896188806","6.02565067283","0.0567998805163","467.779","0.0166701010366","67.4202","0","0.187525","0","0.0628392","0.331184","107.56710084173","16.158677988498","-2.3500001361754E-5"
"16.1565364743","107.629204775","0","0","11","469.349","0.0292638","319.278","-4.13490644435","186.274","30.1914","18.7173","0.00991537589488","4.13490644435","0.0851998446126","476.487","0","88.3373","0","0.0554829","0.0278553","0.487091","0.0707749","107.62920477478","16.156536474279","-2.3500001361754E-5"
"16.1601056658","107.540688825","0","0","11","375.861","0.0101881","4.38099","-3.89606587652","174.231","36.6927","29.033","0.00575951522662","3.89606587652","0.0183030259091","480.178","0.0444801762782","101.151","0","0.392425","0","0.278052","0.484699","107.54068882523","16.160105665844","-2.3500001361754E-5"
"16.1565364743","107.603506595","0","0","11","437.327","1.36651","160.589","-2.08564072507","145.453","41.8624","35.9525","0.978894507756","2.08564072507","1.18673747044","470.435","0.0875878566972","19.1114","0","0.113632","0.0079982","0.0163117","0.120473","107.60350659515","16.156536474279","-2.3500001361754E-5"
"16.1558226356","107.582805284","0","0","11","506.11","0.0484788","292.678","-2.99375510595","226.184","31.6868","16.4102","0.0136801155452","2.99375510595","0.155323022449","460.461","0","53.5774","0","0.155252","0","0.117701","0.248896","107.58280528444","16.155822635606","-2.3500001361754E-5"
"16.142259708","107.477157216","0","0","11","324.373","0.0580219","218.363","-0.696556518141","222.072","32.9336","22.9038","0.0250110025651","0.696556518141","0.134450731083","494.623","0","69.7253","0","0.154219","0.00771672","0.0403135","0.133551","107.47715721573","16.142259708019","-2.3500001361754E-5"
"16.1493980911","107.487150953","0","0","11","396.915","0.00992918","67.6951","-1.23626508397","98.6908","36.5957","28.9633","0.00550532293274","1.23626508397","0.0178312736972","503.112","0.00363658483084","51.5851","0","0.138227","0.0053347","0.221518","0.164444","107.48715095265","16.149398091149","-2.3500001361754E-5"
"16.1386905165","107.554965591","0","0","11","194.632","14.4525","292.461","-1.72296933982","235.434","23.2804","20.2377","5.36737348823","1.72296933982","7.42322863547","465.14","0.0660263482852","20.4229","0","0.176833","0","0.00743223","0.302729","107.55496559059","16.138690516454","-2.3500001361754E-5"
"16.1493980911","107.572097711","0","0","11","552.663","0.0315815","186.763","0.87350883805","193.706","27.0309","23.0201","0.0118853058183","-0.87350883805","0.104750077288","461.425","0","73.5484","0","0.167166","0","0.131374","0.248264","107.57209771064","16.149398091149","-2.3500001361754E-5"
"16.1458288996","107.607075787","0","0","11","709.475","0.009462","261.876","-2.37433805498","250.439","29.1796","23.816","0.00425721741515","2.37433805498","0.0217117272425","460.395","0.00683210235914","125.147","0","0.141714","0.0230015","0.153749","0.149725","107.60707578672","16.145828899584","-2.3500001361754E-5"
"16.1436873845","107.587088315","0","0","11","265.076","4.05657","208.18","4.21355779855","191.194","15.4701","9.54198","0.692985232247","-4.21355779855","9.65634070932","453.08","0.0309660317606","9.44246","0","0.140233","0.00963637","0.00432144","0.155753","107.58708831467","16.143687384465","-2.3500001361754E-5"
"16.1386310299","107.618199767","0","0","11","310.299","0.00884536","28.8269","1.88314755987","139.229","44.0496","29.1924","0.00495194412737","-1.88314755987","0.0158260774254","465.57","0.000134942775758","106.407","0","0.122227","0.0517845","0.0796319","0.0637323","107.61819976731","16.138631029898","-2.3500001361754E-5"
"16.1286967804","107.522129029","0","0","11","334.882","0.0160222","15.6277","6.96110902638","158.64","41.3522","27.011","0.00797897532804","-6.96110902638","0.0325131495454","478.148","0.0303768527093","40.8336","0","0.258575","0","0.26498","0.48019","107.52212902873","16.128696780432","-2.3500001361754E-5"
"16.1286967804","107.581377608","0","0","11","552.655","0.0359372","71.6124","4.24256824665","116.795","30.3586","22.5878","0.0149775243766","-4.24256824665","0.0850612471253","450.034","0","55.0465","0","0.151152","0.0108767","0.190039","0.0839682","107.58137760799","16.128696780432","-2.3500001361754E-5"
"16.132265972","107.597082051","0","0","11","588.684","0.00986883","234.797","-4.30020686366","190.478","13.7082","5.28261","0.000920342020595","4.30020686366","0.132011603291","451.139","0.0137446685064","103.803","0","0.109589","0.0257143","0.0344373","0.0601129","107.5970820507","16.132265971997","-2.3500001361754E-5"
"16.1315521333","107.566387004","0","0","11","383.034","0.674725","169.183","-1.12088011256","166.619","28.6164","24.5028","0.289259412341","1.12088011256","1.08486522106","457.684","0.148971862072","51.5307","0","0.186652","0.00093066","0.0114741","0.197843","107.56638700396","16.131552133324","-2.3500001361754E-5"
"16.1358351636","107.502855395","0","0","11","202.809","1.00564","154.275","1.97372140715","160.227","24.9799","15.6971","0.269207444398","-1.97372140715","2.98195652275","490.319","0.105691056911","18.9889","0","0.221462","0","0.215887","0.321644","107.50285539536","16.135835163562","-2.3500001361754E-5"
"16.1379766778","107.547827208","0","0","11","276.339","0.0127016","287.017","0.40214306864","221.114","14.9786","13.7438","0.00309201671856","-0.40214306864","0.0519725828331","468.318","0.0133627626836","61.708","0","0.188289","0","0.044056","0.349937","107.54782720836","16.137976677782","-2.3500001361754E-5"
"16.1386905165","107.537833471","0","0","11","412.377","0.00953893","23.0228","-3.89917212544","165.607","17.1674","14.3154","0.00240324193983","3.89917212544","0.0392621902656","472.825","0.0486730146324","134.047","0","0.255182","0","0.139427","0.423984","107.53783347144","16.138690516454","-2.3500001361754E-5"
"16.1208445586","107.541402663","0","0","11","232.368","0.00899598","176.424","5.4304384746","177.25","19.6863","8.31494","0.00134288201851","-5.4304384746","0.0699889647613","465.729","0.0240414812355","5.75801","0","0.146039","0","0.0881437","0.370788","107.541402663","16.12084455863","-2.3500001361754E-5"
"16.1187030435","107.592799021","0","0","11","675.812","0.0177228","331.58","-1.12908724239","223.703","50.0409","32.191","0.0109523174673","1.12908724239","0.0275154894576","442.57","0","182.085","0","0.123726","0.021868","0.0992329","0.0265629","107.59279902136","16.118703043511","-2.3500001361754E-5"
"16.1201307209","107.568528519","0","0","11","517.384","0.0195508","236.863","-1.26573263324","191.502","24.9361","18.6043","0.00652949539565","1.26573263324","0.0610049737335","449.894","0","169.656","0","0.177505","0.00385677","0.0568604","0.160735","107.56852851908","16.120130720856","-2.3500001361754E-5"
"16.1148364201","107.611061384","0","0","11","369.257","0.00864069","251.256","-3.97555445979","209.094","18.986","11.5156","0.00188243643029","3.97555445979","0.0486566473255","442.341","0","191.984","0","0.249733","0.0815867","0.137468","0.0351949","107.61106138418","16.114836420065","-2.3500001361754E-5"
"16.1158476906","107.490006306","0","0","11","904.185","0.0166755","135.914","-2.34696259626","138.341","32.9033","20.5549","0.00623878831639","2.34696259626","0.0442750425865","474.376","0","127.452","0","0.178375","0","0.257516","0.364604","107.49000630555","16.115847690618","-2.3500001361754E-5"
"16.1101369839","107.531408927","0","0","11","403.789","0.0225889","142.428","1.82282630179","130.264","50.443","29.3084","0.0126933563964","-1.82282630179","0.0400512135142","459.976","0.0208810083817","90.9339","0","0.220758","0","0.0848882","0.455951","107.53140892698","16.110136983935","-2.3500001361754E-5"
"16.1101369839","107.575666902","0","0","11","382.576","0.0941561","222.903","-0.98179124735","237.112","41.2697","27.4513","0.0487657355494","0.98179124735","0.173909837742","443.124","0","77.9448","0","0.152052","0.00544721","0.0493603","0.134626","107.57566690221","16.110136983935","-2.3500001361754E-5"
"16.1094231462","107.502855395","0","0","11","544.885","0.0496007","136.008","-0.223128150279","119.301","46.3059","29.1482","0.0278951735887","0.223128150279","0.0862586412253","472.486","0.0589454391676","81.6978","0","0.231938","0","0.108194","0.463341","107.50285539536","16.109423146161","-2.3500001361754E-5"
"16.1088877672","107.627717611","0","0","14","146.495","0.0140222","274.147","0.0475926564285","202.398","11.1673","10.0472","0.00248280394822","-0.0475926564285","0.0786773051699","453.508","0.0692323467854","38.4045","0","0.414778","0.121281","0.0688958","0.00780992","107.62771761088","16.108887767157","-2.3500001361754E-5"
"16.0994294101","107.476443378","0","0","11","595.541","0.0143609","228.431","-5.0077955045","183.189","16.9544","8.30939","0.00214725869561","5.0077955045","0.111261161448","464.916","0.0256248473993","56.5256","0","0.1203","0","0.0438289","0.359975","107.47644337796","16.099429410139","-2.3500001361754E-5"
"16.0930048648","107.528553574","0","0","11","717.219","0.0115189","335.988","-2.90934028253","204.053","24.7058","19.1601","0.00416982011684","2.90934028253","0.0347160887583","453.882","0.00114464476909","99.0392","0","0.17363","0","0.0852491","0.519669","107.52855357409","16.093004864783","-2.3500001361754E-5"
"16.1015709244","107.587802152","0","0","11","610.929","0.0216431","291.754","2.70614302327","243.723","30.9851","22.277","0.00887443130527","-2.70614302327","0.0523377923176","440.251","0","130.361","0","0.0991762","0.00596816","0.102895","0.152808","107.58780215245","16.101570924359","-2.3500001361754E-5"
"16.102284763","107.54711337","0","0","11","390.211","0.0337995","28.4733","1.79684796668","152.374","26.979","18.7311","0.0110556980887","-1.79684796668","0.10149240355","454.692","0.0162601626016","81.1387","0","0.12947","0","0.103464","0.357988","107.54711336969","16.102284763031","-2.3500001361754E-5"
"16.0934212707","107.607492193","0","0","14","238.268","0.00840005","327.082","-4.60203320189","228.917","40.095","29.9653","0.00484541843731","4.60203320189","0.0145186444615","439.031","0.0508336644707","28.9384","0","0.19891","0.0221884","0.0209138","0.0920865","107.60749219261","16.093421270675","-2.3500001361754E-5"
"16.092291027","107.46716348","0","0","11","881.479","0.0375009","108.384","0.429926020364","152.531","13.7952","10.7678","0.0070901603435","-0.429926020364","0.29804117028","457.468","0","162.066","0","0.125532","0","0.108035","0.292899","107.46716347971","16.092291027009","-2.3500001361754E-5"
"16.0851526439","107.543544178","0","0","11","919.002","0.0630068","251.014","-2.55941692648","254.145","47.0408","32.5423","0.040278477152","2.55941692648","0.0963823992704","443.296","0","63.5269","0","0.0800129","0","0.474308","0.453972","107.54354417812","16.085152643879","-2.3500001361754E-5"
"16.082297291","107.558534782","0","0","11","752.123","0.0701426","82.8458","-3.16301349605","82.7869","45.939","32.8874","0.0445386397038","3.16301349605","0.103768764234","440.216","0.0101864808679","51.6802","0","0.0547971","0","0.108487","0.388367","107.55853478215","16.082297290987","-2.3500001361754E-5"
"16.0830111288","107.573525387","0","0","11","950.894","0.0131597","348.918","-2.84672943658","192.631","30.1168","20.9778","0.00504714924052","2.84672943658","0.034085868746","440.132","0.0162601626016","197.183","0","0.0896729","0","0.193634","0.324866","107.57352538709","16.083011128761","-2.3500001361754E-5"
"16.0887218354","107.5513964","0","0","11","996.38","0.0107863","79.7015","-3.86889626262","141.921","19.3231","12.4302","0.00242256635067","3.86889626262","0.0532008928316","442.889","0","174.075","0","0.0936983","0","0.326814","0.388946","107.55139639992","16.088721835444","-2.3500001361754E-5"
"16.087294159","107.48001257","0","0","14","546.093","1.02782","110.936","-1.15262205018","115.668","30.0191","23.0112","0.428736621009","1.15262205018","1.64808859464","456.462","0.0212102542257","34.0228","0","0.130814","0","0.0289613","0.398592","107.48001256952","16.087294158998","-2.3500001361754E-5"
"16.0894356732","107.504283072","0","0","11","256.233","0.0203669","27.7565","1.34004358812","148.434","29.7554","22.0279","0.0114674220584","-1.34004358812","0.0812836750916","453.91","0.162965568437","31.713","0","0.200746","0","0.0160758","0.580569","107.50428307181","16.089435673218","-2.3500001361754E-5"
"16.0898520791","107.620579229","0","0","14","216.727","0.0137739","346.02","-0.168116525996","187.286","7.07775","8.00216","0.00192677253385","0.168116525996","0.10252984737","445.461","0.0952137760867","34.0772","0","0.253065","0.0363832","0.00944678","0.00182658","107.62057922865","16.08985207911","-2.3500001361754E-5"
"16.0801557759","107.495717012","0","0","11","450.715","0.859086","205.927","2.62011771116","217.013","34.2306","27.8637","0.469506425345","-2.62011771116","1.08095565631","448.986","0.02914196882","8.34367","0","0.179922","0","0.00337455","0.53092","107.49571701223","16.080155775868","-2.3500001361754E-5"
"16.0694482012","107.5513964","0","0","11","496.074","0.0184143","334.431","0.0924232430355","210.344","44.2943","34.667","0.0180126507689","-0.0924232430355","0.0363800982596","438.254","0.0609539003899","52.89","0","0.0578271","0","0.0235269","0.503977","107.55139639992","16.069448201174","-2.3500001361754E-5"
"16.0694482012","107.573525387","0","0","11","1025.93","0.0152898","99.3796","1.31682411851","100.874","33.506","26.5362","0.00751760017764","-1.31682411851","0.0299111578932","438.268","0","191.57","0","0.0505141","0","0.222832","0.392461","107.57352538709","16.069448201174","-2.3500001361754E-5"
"16.0765865843","107.619924877","0","0","11","613.807","0.0449612","21.398","4.55417653191","145.317","47.8468","32.3396","0.0283688277832","-4.55417653191","0.069717112749","443.74","0.00461055386539","157.267","0","0.172175","0.0146965","0.175923","0.0505161","107.61992487653","16.076586584303","-2.3500001361754E-5"
"16.0773004221","107.47144651","0","0","11","975.924","0.035769","123.405","-1.3928061337","114.172","50.8687","30.978","0.0215899036371","1.3928061337","0.0595885043232","449.742","0.0226601250457","129.183","0","0.134218","0","0.0846048","0.364866","107.47144650995","16.077300422077","-2.3500001361754E-5"
"16.0608821416","107.557107106","0","0","11","764.133","0.0880888","50.5081","-1.6278478825","107.625","51.426","31.4335","0.0534426293532","1.6278478825","0.138730214254","435.719","0","65.3227","0","0.0447375","0","0.114494","0.53438","107.55710710571","16.060882141598","-2.3500001361754E-5"
"16.0673066861","107.595654374","0","0","11","431.157","0.105243","48.0735","-0.604184150558","103.463","54.3996","34.6917","0.0795900473934","0.604184150558","0.155751048435","437.841","0.0114018289187","39.7579","0","0.0790114","0","0.144692","0.240247","107.59565437425","16.067306686055","-2.3500001361754E-5"
"16.0594544652","107.46716348","0","0","11","549.268","0.93537","202.741","-1.03751818293","216.909","39.9808","31.1781","0.520348323123","1.03751818293","1.02522517233","430.971","0","29.9652","0","0.138152","0","0.11433","0.427562","107.46716347971","16.059454465151","-2.3500001361754E-5"
"16.0687343625","107.481440246","0","0","11","737.702","0.0421682","154.385","-0.24407239508","139.566","49.9264","32.9683","0.0277336855964","0.24407239508","0.0637779461706","445.632","0","249.589","0","0.140623","0","0.145753","0.466169","107.48144024597","16.068734362501","-2.3500001361754E-5"
"16.0680205247","107.507138425","0","0","11","470.139","0.0122497","92.6516","1.23215652883","71.7232","57.143","38.6072","0.00978930788824","-1.23215652883","0.0154038276411","441.958","0.0475746780279","158.639","0","0.171031","0","0.163602","0.64689","107.5071384247","16.068020524728","-2.3500001361754E-5"
"16.0537437585","107.544258017","0","0","11","590.977","0.274744","205.557","-2.75503568769","226.895","63.4159","37.1236","0.207857445637","2.75503568769","0.32163869188","434.606","0.0069570622732","41.0678","0","0.107449","0","0.0341669","0.639105","107.54425801679","16.053743758468","-2.3500001361754E-5"
"16.047319214","107.550682561","0","0","11","988.932","0.0151131","357.852","4.07083351185","185.944","60.5576","45.8732","0.0155849965493","-4.07083351185","0.0145481632479","432.985","0","151.842","0","0.0959606","0","0.297754","0.622895","107.55068256125","16.047319214011","-2.3500001361754E-5"
"16.0501745669","107.498572365","0","0","11","623.1","0.00919504","354.411","2.60039795529","189.945","44.536","35.8285","0.00677927992515","-2.60039795529","0.0128727587726","430.669","0.0487804878049","153.951","0","0.148842","0","0.144157","0.659332","107.49857236512","16.050174566903","-2.3500001361754E-5"
"16.037325478","107.539261149","0","0","11","730.174","0.0574689","229.466","-3.65000885793","224.192","30.7051","18.7543","0.0196565315762","3.65000885793","0.166510567943","425.372","0.0304915656305","117.106","0","0.122575","0","0.133305","0.738757","107.53926114878","16.037325477988","-2.3500001361754E-5"
"16.0401808309","107.559248621","0","0","0","1139.63","0.0306885","106.304","0.0664734739688","128.276","24.4539","17.9344","0.0101970450338","-0.0664734739688","0.0980761899307","433.76","0","54.7813","0","0.0804553","0","0.311216","0.595285","107.55924862083","16.040180830881","-2.3500001361754E-5"
"16.0401808309","107.469304995","0","0","11","647.277","1.02994","88.2756","-1.68515388484","107.856","31.6916","23.5326","0.44985741332","1.68515388484","1.61379616245","421.071","0.0444368531032","107.226","0","0.114287","0","0.0277803","0.560406","107.46930499483","16.040180830881","-2.3500001361754E-5"
"16.0287594175","107.517132161","0","0","11","438.041","0.029585","98.6415","0.0151391082634","104.85","32.7007","25.7728","0.0150219435596","-0.0151391082634","0.0624564929073","423.335","0.0402097289332","72.5729","0","0.162743","0","0.0410463","0.87841","107.51713216072","16.028759417513","-2.3500001361754E-5"
"16.0216210353","107.546399531","0","0","11","688.42","0.0156231","49.9438","0.508170663985","109.242","49.3642","31.9104","0.00972206951922","-0.508170663985","0.0252989864243","430.362","0.0487804878049","51.0635","0","0.0701024","0","0.0801539","0.764733","107.54639953101","16.021621035283","-2.3500001361754E-5"
"16.1786654614","107.642767702","0","0","11","217.615","0.0556459","285.148","1.73642447144","234.859","26.5166","23.9373","0.0313655754587","-1.73642447144","0.124090287574","489.183","0","21.9576","0","0.150233","0.0211588","0.143279","0.0922776","107.64276770237","16.178665461442","-2.3500001361754E-5"
"16.1829484908","107.657044468","0","0","11","478.346","0.00832791","276.919","-5.56980273248","178.183","26.0184","13.6309","0.00205321310363","5.56980273248","0.0627658290318","490.399","0.00392666214688","177.12","0","0.231855","0.0291253","0.198232","0.146604","107.65704446773","16.18294849078","-2.3500001361754E-5"
"16.152253444","107.654902954","0","0","11","352.321","0.263294","234.892","-0.0155779048194","220.992","24.5748","16.0191","0.0701068565722","0.0155779048194","0.863394778555","481.633","0.0204340219901","11.1004","0","0.0873134","0.0310277","0.0675567","0.0712833","107.65490295351","16.152253444041","-2.3500001361754E-5"
"16.1458288996","107.637056996","0","0","11","588.67","0.00849118","276.262","-1.19040827948","254.047","34.9099","26.0784","0.00416575794266","1.19040827948","0.0174988212239","474.93","0","177.14","0","0.0842338","0.0407812","0.235425","0.0726745","107.63705699568","16.145828899584","-2.3500001361754E-5"
"16.087294159","107.638484672","0","0","11","555.154","0.464369","295.44","4.45264788603","247.367","39.0853","24.7997","0.205741669277","-4.45264788603","0.800461442807","446.235","0.13576831781","31.7895","0","0.253453","0.0423832","0.00978037","0.079784","107.63848467213","16.087294158998","-2.3500001361754E-5"
"16.0730173927","107.640626187","0","0","11","961.695","0.0241116","166.852","-2.2570753037","160.477","37.4603","28.8621","0.0132549713318","2.2570753037","0.0435707563107","443.594","0.00419781336024","384.506","0","0.122567","0.00614917","0.360732","0.139451","107.64062618725","16.073017392739","-2.3500001361754E-5"
"16.0680205247","107.654902954","0","0","11","478.553","0.0148862","232.024","-2.11625357616","251.509","48.2743","31.738","0.00927404580707","2.11625357616","0.0238302768252","453.274","0.0204308545666","139.72","0","0.199298","0","0.225421","0.251424","107.65490295351","16.068020524728","-2.3500001361754E-5"
"16.05731295","107.640626187","0","0","11","355.776","0.215408","152.347","0.63686164848","165.377","17.4536","10.2682","0.0732246016976","-0.63686164848","1.49764806626","445.521","0.00813008130081","14.7889","0","0.113499","0","0.0361568","0.242643","107.64062618725","16.057312950033","-2.3500001361754E-5"
"16.042322346","107.639912349","0","0","11","658.447","0.659877","233.235","1.23417147107","183.311","15.9752","11.4552","0.125761920949","-1.23417147107","2.9497832735","444.212","0.0762365866732","20.2547","0","0.0879606","0","0.0126202","0.34755","107.63991234858","16.042322346","-2.3500001361754E-5"
"16.0344701242","107.658472145","0","0","11","639.575","0.341749","39.9879","0.121642035399","117.788","49.0682","32.3944","0.21295155759","-0.121642035399","0.45499467557","433.112","0.0952832115218","36.2391","0","0.0844299","0","0.0162734","0.469498","107.65847214507","16.034470124197","-2.3500001361754E-5"
"16.1900868739","107.501427718","0","0","11","398.537","0.0127639","143.313","-0.72573292067","136.274","33.3626","24.5441","0.00589325917971","0.72573292067","0.0277967289134","493.643","0.0214955397617","169.554","0","0.232044","0","0.41183","0.323014","107.50142771801","16.19008687391","-2.3500001361754E-5"
"16.1921689025","107.523021327","0","0","4","72.92","202.813","329.227","0.61853967948","189.294","7.54715","4.86987","15.9568534896","-0.61853967948","72.9716480481","488.04","0.509091914582","5.89773","4.90884","0.342551","0","0.00169278","0.470092","107.52302132707","16.192168902473","-2.3500001361754E-5"
"16.182234653","107.785535362","0","0","11","1101.57","0.0121358","279.292","1.11890379208","253.367","56.5729","31.8607","0.00746038986449","-1.11890379208","0.0193809141642","489.472","0.0166153905085","158.223","0","0.060071","0.0189044","0.479684","0.037115","107.78553536227","16.182234653007","-2.3500001361754E-5"
"16.1850305193","107.727654974","0","0","11","173.702","0.0117668","332.689","1.13365400528","228.109","53.4148","35.5126","0.00853954569996","-1.13365400528","0.0167283408092","486.638","0.0617962709305","101.521","0","0.407863","0.158631","0.0848363","0.0158362","107.7276549738","16.185030519343","-2.3500001361754E-5"
"16.1840787353","107.803678753","0","0","11","712.265","0.00837569","305.242","-4.36425349152","221.531","28.1161","15.3426","0.00232036936757","4.36425349152","0.0471360042539","490.38","0.0252146865149","225.965","0","0.0841099","0.015612","0.0658341","0.134636","107.80367875287","16.184078735345","-2.3500001361754E-5"
"16.1731332144","107.738362548","0","0","5","149.142","0.009039","76.2988","1.88796726157","165.689","12.186","6.60231","0.00106071776135","-1.88796726157","0.109901302332","483.028","0.251952737999","7.14423","0","0.372003","0.138804","0.0192524","0.0547009","107.73836254759","16.173133214426","-2.3500001361754E-5"
"16.1719434842","107.747285527","0","0","11","148.082","0.130895","242.246","2.98828900785","207.977","15.2812","9.67","0.0243461243722","-2.98828900785","0.752995921543","479.029","0.0581823089378","7.06102","0","0.164277","0.0603415","0.0468117","0.058578","107.74728552651","16.171943484204","-2.3500001361754E-5"
"16.1695640229","107.67054791","0","0","5","63.6679","2.70168","233.791","-0.365983110065","185.816","2.7015","2.19047","0.0961019471674","0.365983110065","41.3075034742","489.733","0.354114631308","3.04228","0","0.317534","0.065045","0.00297991","0.00281584","107.67054790966","16.169564022861","-2.3500001361754E-5"
"16.1695640229","107.76691608","0","0","11","384.901","0.114486","224.497","2.43232051499","252.715","62.0571","35.8712","0.085728412071","-2.43232051499","0.15369897187","476.818","0.0452921659106","83.6398","0","0.0736798","0.0201225","0.317263","0.0755222","107.76691608011","16.169564022861","-2.3500001361754E-5"
"16.1564769877","107.707429555","0","0","5","77.2198","0.0264759","179.621","-0.287529220634","180.102","2.85344","3.01885","0.00139614661589","0.287529220634","0.497432016924","483.025","0.476978382734","10.2258","0","0.487873","0.19148","0.131723","0.00246382","107.70742955463","16.156476987723","-2.3500001361754E-5"
"16.1588564482","107.751449584","0","0","11","286.553","0.0220063","238.524","1.53801012384","241.972","33.8804","23.7735","0.00965659993075","-1.53801012384","0.0497077793334","477.095","0","72.2512","0","0.235628","0.0721792","0.183945","0.0389394","107.75144958363","16.158856448167","-2.3500001361754E-5"
"16.1548113651","107.762276131","0","0","11","385.412","0.0141181","167.111","-0.840393019928","167.853","26.4046","17.2236","0.00446402919156","0.840393019928","0.0460489753676","475.238","0.0138756822385","162.528","0","0.207024","0.042684","0.116536","0.105581","107.76227613144","16.154811365053","-2.3500001361754E-5"
"16.1483868197","107.780835927","0","0","11","291.625","0.0173356","283.615","0.457153387382","221.456","14.4607","13.8064","0.00551107521615","-0.457153387382","0.0857450801207","476.148","0.0012830521491","16.7729","0","0.200681","0.0323948","0.258017","0.0705554","107.78083592704","16.148386819696","-2.3500001361754E-5"
"16.1410104912","107.771675002","0","0","11","170.263","0.0099681","74.4348","-2.17957641371","145.381","20.6268","15.8637","0.00282461168437","2.17957641371","0.0463234570627","466.641","0.0543101110071","48.2751","0","0.281215","0.0428419","0.0322248","0.0235403","107.7716750019","16.141010491241","-2.3500001361754E-5"
"16.1433899517","107.809746378","0","0","11","269.593","0.0451785","239.292","-3.21169784926","228.52","32.7546","18.3787","0.0153492911851","3.21169784926","0.128435318666","478.621","0.000686181330165","49.0113","0","0.251697","0.0353136","0.111126","0.0488797","107.80974637799","16.143389951685","-2.3500001361754E-5"
"16.1308382947","107.717006886","0","0","11","523.169","0.0082613","11.4051","-0.357613028696","159.145","48.8945","36.2053","0.0061832178814","0.357613028696","0.0114855162953","469.368","0","95.7366","0","0.15122","0.0583783","0.354861","0.0188521","107.71700688566","16.130838294652","-2.3500001361754E-5"
"16.1315521333","107.724859107","0","0","11","477.68","0.00939092","73.2213","-1.72168548869","90.4106","43.5022","32.0445","0.00592293041942","1.72168548869","0.0150979286134","468.801","0.00244513770671","264.93","0","0.16226","0.0564424","0.147141","0.0624731","107.72485910656","16.131552133324","-2.3500001361754E-5"
"16.1336936484","107.735566681","0","0","11","470.744","0.013733","335.814","0.147326915352","213.685","39.918","26.9811","0.0069514395868","-0.147326915352","0.0268446822187","468.179","0.00539744672514","210.547","0","0.233129","0.0575192","0.275346","0.0837173","107.73556668126","16.133693648443","-2.3500001361754E-5"
"16.1314926468","107.793090151","0","0","11","285.51","0.0134501","334.963","-2.60224719753","206.51","28.9949","20.9816","0.00517834284814","2.60224719753","0.0371999565622","465.242","0","179.889","0","0.258155","0.0623689","0.0860835","0.0406713","107.79309015129","16.131492646768","-2.3500001361754E-5"
"16.1255439948","107.774054463","0","0","11","226.59","0.0596211","218.874","1.57512833977","226.207","43.9431","25.4512","0.0283249203766","-1.57512833977","0.125326679744","466.559","0.00220071607554","75.5261","0","0.221934","0.0622791","0.101574","0.0445711","107.77405446324","16.12554399476","-2.3500001361754E-5"
"16.1201307209","107.719862239","0","0","11","599.925","0.021021","318.753","-1.2154450554","225.545","38.3544","22.6075","0.00883130196133","1.2154450554","0.0503920218106","458.001","0.005225463973","219.189","0","0.102133","0.0253812","0.341872","0.0162953","107.71986223855","16.120130720856","-2.3500001361754E-5"
"16.1179892057","107.731283652","0","0","11","442.122","0.0282303","188.099","0.0232581471371","194.199","41.19","32.1265","0.0185189071718","-0.0232581471371","0.0463772092317","456.892","0","88.0485","0","0.0808424","0.0267924","0.154504","0.0584688","107.73128365192","16.117989205737","-2.3500001361754E-5"
"16.1165615293","107.800525967","0","0","11","276.161","1.1884","318.038","2.57572612819","201.47","18.1246","9.97471","0.227270336856","-2.57572612819","4.59066001957","457.847","0.0420310665669","4.03403","0","0.18393","0.0600942","0.0121209","0.0526058","107.8005259672","16.116561529291","-2.3500001361754E-5"
"16.1231645334","107.751449584","0","0","11","235.504","0.00947483","343.059","0.713377390161","207.589","35.21","31.2397","0.00575036995686","-0.713377390161","0.0156465710466","464.932","0.0388759989399","145.26","0","0.208769","0.0428502","0.137095","0.0405312","107.75144958363","16.123164533417","-2.3500001361754E-5"
"16.1065677933","107.718434562","0","0","11","387.835","0.0106376","251.643","-2.88662851363","224.625","22.3147","17.8065","0.00347410172221","2.88662851363","0.0335156979458","455.784","0","148.034","0","0.151554","0.0196126","0.0831585","0.0548813","107.71843456211","16.106567793269","-2.3500001361754E-5"
"16.1065677933","107.798384452","0","0","11","531.557","0.0124556","321.332","-2.51803097375","220.627","37.5316","21.1411","0.0048811265155","2.51803097375","0.032620607619","456.627","0.0111787862612","164.07","0","0.0903677","0.0433874","0.233385","0.0613584","107.79838445208","16.106567793269","-2.3500001361754E-5"
"16.1053185756","107.686014406","0","0","11","161.575","0.0209916","275.275","2.36022745315","193.745","26.6288","22.7472","0.00876685681227","-2.36022745315","0.050097744386","459.575","0.00826563423791","36.995","0","0.383686","0.0491609","0.271927","0.0997966","107.68601440614","16.105318575592","-2.3500001361754E-5"
"16.1001432479","107.76554789","0","0","11","431.171","0.0101577","117.955","1.5926318712","163.125","19.25","13.0494","0.0024957206393","-1.5926318712","0.0795670918189","451.476","0","16.4162","0","0.12414","0.0303852","0.0985133","0.096365","107.76554789022","16.100143247913","-2.3500001361754E-5"
"16.0980017328","107.746988095","0","0","11","278.249","0.0213904","231.762","-0.29328457387","249.938","43.647","29.7763","0.0122421014707","0.29328457387","0.0370859422336","452.914","0.0280081380139","96.8022","0","0.110455","0.0145954","0.0866245","0.102711","107.74698809462","16.098001732794","-2.3500001361754E-5"
"16.1008570866","107.727000622","0","0","11","320.66","0.0116626","269.795","-3.57200243072","255","40.1644","33.8356","0.00779981647979","3.57200243072","0.017291284237","454.322","0.0250656218187","45.9024","0","0.109729","0.0149135","0.174514","0.0884844","107.72700062168","16.100857086585","-2.3500001361754E-5"
"16.0915771883","107.725572945","0","0","11","361.351","0.04473","264.698","-2.71119915455","247.706","28.1939","22.4425","0.0184695619504","2.71119915455","0.107205285744","447.192","0","49.0909","0","0.123242","0.00409065","0.396647","0.161763","107.72557294524","16.091577188337","-2.3500001361754E-5"
"16.097287895","107.795529098","0","0","11","710.031","0.013174","52.9141","-0.438944326877","146.432","19.4068","13.9329","0.00329334137129","0.438944326877","0.0545650805484","455.519","0.0233918928543","148.374","0","0.0783183","0.0235404","0.156967","0.0149566","107.79552909829","16.09728789502","-2.3500001361754E-5"
"16.1001432479","107.808378188","0","0","11","626.045","0.036639","94.7076","2.29634293053","177.572","15.9657","5.29369","0.00309238400496","-2.29634293053","0.473327230516","456.635","0.0278422139068","41.1643","0","0.0695933","0.0226417","0.138272","0.0530242","107.8083781881","16.100143247913","-2.3500001361754E-5"
"16.095800732","107.703860363","0","0","4","166.224","7.28174","160.394","2.91813213064","154.937","31.3102","24.2358","3.16413018229","-2.91813213064","4.58017547992","457.303","0.0199441166907","64.0622","0","0.246171","0.0054177","0.0647538","0.178595","107.70386036307","16.095800732018","-2.3500001361754E-5"
"16.0880079968","107.662041337","0","0","14","405.06","0.14352","76.0637","-2.87783594522","101.581","32.9342","27.5781","0.0722988894141","2.87783594522","0.246644086524","457.449","0.0762527910094","28.8996","0","0.256626","0.0161902","0.0215315","0.147869","107.66204133664","16.088007996772","-2.3500001361754E-5"
"16.0794419372","107.767689405","0","0","11","628.628","0.00873701","310.779","-1.41761365565","234.14","34.9822","23.421","0.00379439579748","1.41761365565","0.020136158194","438.408","0","201.974","0","0.1086","0","0.108682","0.227632","107.76768940534","16.079441937196","-2.3500001361754E-5"
"16.082297291","107.733425166","0","0","11","341.256","0.037409","162.366","-2.059200119","156.083","29.0901","24.5079","0.0168565128052","2.059200119","0.0829455720343","445.178","0","103.369","0","0.127836","0","0.243265","0.24455","107.73342516614","16.082297290987","-2.3500001361754E-5"
"16.0894356732","107.751271124","0","0","11","309.791","0.0295925","190.259","-4.70052557733","192.97","32.51","24.9378","0.0137848357419","4.70052557733","0.0631116562628","439.701","0","98.6151","0","0.10915","0.00672577","0.104944","0.166797","107.75127112396","16.089435673218","-2.3500001361754E-5"
"16.0794419372","107.80338132","0","0","11","843.972","0.00825293","309.883","0.522422404261","215.226","20.8818","14.6296","0.00215760468187","-0.522422404261","0.0316353580138","456.291","0.00247125582111","157.866","0","0.0793654","0.00837398","0.12461","0.102656","107.80338132009","16.079441937196","-2.3500001361754E-5"
"16.0815834523","107.789104554","0","0","11","715.199","0.0331279","342.016","-2.15507269755","204.172","36.4506","25.6237","0.0159358143421","2.15507269755","0.0682571107309","444.195","0.0846862801223","73.2258","0","0.0807419","0.0117801","0.0111518","0.137678","107.78910455383","16.081583452315","-2.3500001361754E-5"
"16.0730173927","107.669893558","0","0","11","201.649","0.0387158","327.197","4.92825755953","196.847","19.0087","12.5139","0.00831841675751","-4.92825755953","0.22179571559","454.028","0.0203569188302","5.92997","0","0.276215","0","0.185022","0.271798","107.66989355754","16.073017392739","-2.3500001361754E-5"
"16.0708758776","107.697019413","0","0","14","178.405","0.377492","200.752","-2.67238226775","196.23","20.7274","13.879","0.0974480824065","2.67238226775","1.31631686359","444.235","0.143843691773","22.2421","0","0.254837","0","0.026072","0.38218","107.69701941272","16.07087587762","-2.3500001361754E-5"
"16.0751589079","107.705585472","0","0","11","298.108","0.0167577","123.718","2.81457410885","111.072","46.3","27.881","0.00908719218891","-2.81457410885","0.0327778458201","444.591","0","53.9223","0","0.159264","0","0.339599","0.325382","107.70558547229","16.075158907857","-2.3500001361754E-5"
"16.0737312305","107.72771446","0","0","11","225.072","0.0204942","216.42","1.16135707681","181.143","17.7895","11.5741","0.00418099139793","-1.16135707681","0.100573883065","444.407","0","42.3843","0","0.103873","0","0.0745289","0.305363","107.72771446035","16.073731230512","-2.3500001361754E-5"
"16.0673066861","107.809805865","0","0","11","918.528","0.016369","341.746","-3.05150889486","207.948","43.116","28.5762","0.00921994530708","3.05150889486","0.0312179181047","455.593","0.0243902439024","195.054","0","0.0535273","0.00109471","0.134508","0.197834","107.80980586455","16.067306686055","-2.3500001361754E-5"
"16.0658790096","107.760551022","0","0","11","392.879","0.67609","285.734","8.63436890139","232.542","43.386","22.5431","0.313955159089","-8.63436890139","1.26421629822","437.34","0.00470216363987","13.4535","0","0.083658","0","0.0553877","0.347268","107.76055102221","16.065879009609","-2.3500001361754E-5"
"16.0608821416","107.703443958","0","0","11","251.915","0.0175988","265.134","1.60471674706","248.044","32.2439","26.2591","0.00860369510236","-1.60471674706","0.0369100352626","442.603","0.0128387519263","45.2271","0","0.162704","0","0.0765865","0.438384","107.70344395807","16.060882141598","-2.3500001361754E-5"
"16.0608821416","107.715579209","0","0","11","474.115","0.0142274","78.2038","-3.66991806824","100.743","38.9136","27.1259","0.00745281231021","3.66991806824","0.0279650993295","431.771","0","110.956","0","0.128653","0","0.343078","0.414454","107.71557920921","16.060882141598","-2.3500001361754E-5"
"16.0630236567","107.679887294","0","0","11","165.821","4.69446","190.677","2.26373998316","167.063","13.2743","13.5757","0.949017291306","-2.26373998316","7.39412591264","451.358","0.063898785713","4.90373","0","0.281752","0","0.00307089","0.369603","107.67988729356","16.063023656716","-2.3500001361754E-5"
"16.0601683029","107.732711328","0","0","11","318.051","0.0116878","278.148","-4.66890022247","255","47.0177","30.6488","0.00694018664635","4.66890022247","0.0196365012666","431.446","0.000783792751984","85.4585","0","0.0887682","0","0.0468151","0.4175","107.73271132837","16.060168302925","-2.3500001361754E-5"
"16.0608821416","107.751271124","0","0","11","687.496","0.0281225","205.098","0.515140599775","226.804","62.1026","37.6265","0.021638422102","-0.515140599775","0.0360389137426","436.982","0","116.774","0","0.101146","0","0.248655","0.395599","107.75127112396","16.060882141598","-2.3500001361754E-5"
"16.0451776989","107.719862239","0","0","11","631.309","0.0125043","229.735","-2.13577986807","176.584","20.6984","15.0921","0.00346443469516","2.13577986807","0.0537187414765","430.478","0","149.926","0","0.110277","0","0.233297","0.535141","107.71986223855","16.045177698892","-2.3500001361754E-5"
"16.0480330518","107.702016281","0","0","11","331.152","0.0127927","81.7479","-0.360974996809","70.8434","49.3751","37.8641","0.00995483538867","0.360974996809","0.0163517395268","420.502","0.0275898427225","126.588","0","0.148703","0","0.0654104","0.539837","107.70201628073","16.048033051784","-2.3500001361754E-5"
"16.0480330518","107.666324366","0","0","11","482.771","0.0296019","46.047","4.31925957983","114.676","44.7351","30.1869","0.0171884220378","-4.31925957983","0.0502613070503","442.04","0.0467698783466","72.219","0","0.222236","0","0.204466","0.421678","107.66632436598","16.048033051784","-2.3500001361754E-5"
"16.0558852736","107.662755174","0","0","14","248.859","0.0521014","6.6659","0.625784399562","171.672","28.8949","22.3025","0.0212113923613","-0.625784399562","0.127097590927","443.369","0.0235018147235","37.5985","0","0.233043","0","0.0908323","0.35892","107.66275517441","16.055885273587","-2.3500001361754E-5"
"16.0458915376","107.729855975","0","0","11","426.148","1.55852","258.596","2.51771332964","252.469","30.0266","26.0943","0.671097349675","-2.51771332964","1.77451746113","430.412","0","14.9234","0","0.0960339","0","0.0756659","0.529056","107.72985597457","16.045891537564","-2.3500001361754E-5"
"16.042322346","107.692022545","0","0","11","513.806","0.0370412","231.708","-1.40715102068","232.592","33.8492","22.4747","0.0153045437305","1.40715102068","0.0888922652893","423.174","0.0451547141755","175.757","0","0.161547","0","0.0378164","0.558494","107.6920225447","16.042322346","-2.3500001361754E-5"
"16.0366116393","107.678459617","0","0","11","636.061","0.0119945","88.6279","-5.0160531117","91.9358","39.6224","29.8112","0.00688004897504","5.0160531117","0.0208216566085","431.02","0.0126837263579","229.786","0","0.121878","0","0.117571","0.552894","107.67845961712","16.036611639316","-2.3500001361754E-5"
"16.0223348731","107.674890426","0","0","11","884.814","0.190884","78.2207","-4.28849908944","75.6367","50.2322","36.4886","0.148064887958","4.28849908944","0.234743448308","428.723","0","131.36","0","0.0737786","0","0.4861","0.621143","107.67489042555","16.022334873056","-2.3500001361754E-5"
"16.0294732562","107.693450221","0","0","11","464.435","0.0742792","247.649","-6.1943252103","254.515","44.4515","29.2204","0.0422957135284","6.1943252103","0.129476479694","427.065","0.0243902439024","86.3716","0","0.137454","0","0.105215","0.658199","107.69345022115","16.029473256186","-2.3500001361754E-5"
"16.0201933579","107.711296179","0","0","11","465.638","0.0115067","337.794","5.65682182935","201.507","27.8628","22.614","0.00511263394859","-5.65682182935","0.0325812332226","427.531","0.0243902439024","32.8499","0","0.0973169","0","0.0873632","0.741606","107.71129617898","16.020193357937","-2.3500001361754E-5"
"16.0059165926","107.684884162","0","0","11","908.843","0.0126513","41.8595","0.0763647795803","136.638","31.3823","21.1402","0.00489941025986","-0.0763647795803","0.0325414898688","429.591","0.0243902439024","226.164","0","0.0423637","0","0.297744","0.773151","107.68488416157","16.005916592577","-2.3500001361754E-5"
"16.0059165926","107.694877898","0","0","11","726.594","0.387845","261.352","-0.825722430573","255","41.3242","32.4431","0.254343607013","0.825722430573","0.482409359987","427.425","0.00659409041925","43.3169","0","0.0604524","0","0.0242733","0.820284","107.6948778985","16.005916592577","-2.3500001361754E-5"
"16.0087719455","107.704157796","0","0","11","831.405","0.0216965","102.428","-5.09295306759","93.7016","38.7968","29.1091","0.0119554919037","5.09295306759","0.0381453246651","427.608","0.035603695727","175.519","0","0.0658346","0","0.0919097","0.841208","107.70415779585","16.008771945469","-2.3500001361754E-5"
"16.182234653","107.833362529","0","0","11","947.905","0.0474847","283.872","-6.7139865537","246.832","35.8216","22.6542","0.0196954239687","6.7139865537","0.112180772481","496.008","0.000375487940279","123.492","0","0.0840154","0.0256566","0.167284","0.134825","107.83336252906","16.182234653007","-2.3500001361754E-5"
"16.1736685934","107.814802733","0","0","11","613.508","0.0536723","209.038","1.7154125418","235.293","69.4638","39.3719","0.0439556761261","-1.7154125418","0.0640502054872","492.87","0.0125686274262","140.4","0","0.0687035","0","0.21124","0.239428","107.81480273256","16.173668593431","-2.3500001361754E-5"
"16.1708132396","107.830507175","0","0","11","1107.51","0.0122864","179.144","-2.10360874326","178.391","18.2582","11.7943","0.00252810322562","2.10360874326","0.061814527679","492.986","0.00745625802009","342.092","0","0.0910781","7.52204E-5","0.116131","0.202077","107.83050717527","16.170813239639","-2.3500001361754E-5"
"16.1708132396","107.853350001","0","0","11","477.19","2.95581","133.408","-0.127835789133","95.3169","64.7856","40.0559","2.4798945267","0.127835789133","1.61589066357","491.063","0.113195830471","32.8052","0","0.0969637","0.0185396","0.0143486","0.135556","107.8533500011","16.170813239639","-2.3500001361754E-5"
"16.1593918272","107.824082631","0","0","11","650.376","0.0314932","112.759","1.02976908742","115.766","28.3949","22.7434","0.0132508051457","-1.02976908742","0.0742154236648","487.331","0.0426161074136","101.237","0","0.145837","0.0151184","0.172921","0.134481","107.82408263081","16.159391827171","-2.3500001361754E-5"
"16.1433899517","107.832351258","0","0","11","146.626","19.0367","130.863","6.77727658386","121.226","39.9325","25.9718","9.21039811312","-6.77727658386","6.24845623585","484.896","0.27983751685","29.684","0","0.222232","0.0273346","0.018018","0.00204166","107.8323512576","16.143389951685","-2.3500001361754E-5"
"16.1187030435","107.841928589","0","0","11","510.033","0.271243","201.124","3.36067323655","198.226","26.5613","16.0684","0.0764843151507","-3.36067323655","0.83247870785","472.895","0.0204498675825","12.4209","0","0.112619","0.00684329","0.384289","0.178626","107.84192858863","16.118703043511","-2.3500001361754E-5"
"16.1201307209","107.816230409","0","0","11","244.952","0.0259145","297.722","1.24338671191","244.561","43.0407","28.4091","0.0142628618079","-1.24338671191","0.0473664800786","470.725","0.0380703333484","30.4196","0","0.191237","0.0313314","0.0977161","0.0616157","107.81623040901","16.120130720856","-2.3500001361754E-5"
"16.1094231462","107.829793337","0","0","11","624.651","0.016574","322.328","-0.453573125881","222.29","33.3545","22.9825","0.00704967866416","0.453573125881","0.0389562786951","470.281","0","168.538","0","0.0544468","0.00199249","0.260489","0.194319","107.82979333749","16.109423146161","-2.3500001361754E-5"
"16.0901495119","107.818371924","0","0","11","790.013","0.0521609","127.532","-2.464650147","118.236","32.8628","26.349","0.0258894284105","2.464650147","0.102347082947","456.767","0","35.11","0","0.0570667","0.00668704","0.1197","0.0727996","107.81837192413","16.09014951189","-2.3500001361754E-5"
"16.1915145504","107.769117082","0","0","11","639.99","0.0130343","64.375","-0.435713069745","111.792","32.4338","25.3818","0.00627745487164","0.435713069745","0.0278469857596","491.929","0","43.8702","0","0.0523053","0.0235348","0.104982","0.0897971","107.76911708179","16.191514550356","-2.3500001361754E-5"
"16.1651025339","107.868340605","0","0","11","673.036","0.0477386","266.407","-5.20355592766","245.16","30.984","21.7863","0.019348813368","5.20355592766","0.116646675352","491.671","0","127.827","0","0.100386","0","0.154049","0.209538","107.86834060513","16.165102533855","-2.3500001361754E-5"
"16.1929422277","108.083205934","0","0","11","450.84","0.0307104","333.467","-0.606741661035","202.798","21.3992","16.3814","0.00902340037165","0.606741661035","0.102973844729","524.064","0.0170360360072","55.6782","0","0.101651","0.00145174","0.100393","0.0565549","108.08320593411","16.192942227702","-2.3500001361754E-5"
"16.3685464495","107.159499172","0","0","14","876.49","1.36912","163.976","-1.34466873324","167.245","16.7143","14.8844","0.328180747963","1.34466873324","3.01948086255","416.926","0","52.9109","0","0.186178","0.0360216","0.0458848","0.0465192","107.15949917185","16.368546449459","-2.3500001361754E-5"
"16.3685464495","107.173775938","0","0","11","1320.39","0.0598571","249.239","-1.25429441088","252.43","40.7179","28.8724","0.0313113584663","1.25429441088","0.100359569013","468.814","0","156.632","0","0.146195","0.00929711","0.0788867","0.14796","107.17377593811","16.368546449459","-2.3500001361754E-5"
"16.3685464495","107.234452194","0","0","11","1020.92","0.208324","125.66","2.60225498233","128.605","37.6112","23.2759","0.10477943842","-2.60225498233","0.475463363427","611.199","0.0193976357415","45.7852","0","0.102735","0","0.048983","0.4018","107.23445219381","16.368546449459","-2.3500001361754E-5"
"16.3711043705","107.135526102","0","0","11","769.131","0.0820439","213.9","-0.660691776141","224.909","40.2979","26.4199","0.0407978356204","0.660691776141","0.158773853778","366.386","0.00461672629444","47.1343","0","0.199875","0.0726176","0.118679","0.0969424","107.13552610235","16.37110437047","-2.3500001361754E-5"
"16.3614080663","107.196618764","0","0","11","1239.37","0.0844281","256.56","0.0816428438853","255","46.8317","33.8539","0.0568464085801","-0.0816428438853","0.120459664493","533.235","0","94.2517","0","0.0755134","0","0.10588","0.281694","107.19661876394","16.361408066329","-2.3500001361754E-5"
"16.3535558454","107.248728959","0","0","11","812.973","0.116548","234.874","-0.690575130372","184.197","29.7891","20.0728","0.043848851951","0.690575130372","0.348585897726","626.977","0.0060943180702","47.7011","0","0.112602","0","0.114881","0.486501","107.24872895917","16.353555845426","-2.3500001361754E-5"
"16.3564111983","107.107388976","0","0","14","955.549","0.0427422","86.7576","2.07302808168","64.0827","55.1754","40.58","0.03530405288","-2.07302808168","0.0478370467535","321.143","0.0481752323685","83.9675","0","0.200551","0.0773254","0.177386","0.0962573","107.10738897572","16.356411198318","-2.3500001361754E-5"
"16.3514143303","107.207326338","0","0","11","1294.34","0.0902198","311.354","1.7268682143","198.889","11.3958","7.71312","0.012334303508","-1.7268682143","0.637545849457","551.878","0.0243902439024","24.4885","0","0.0466611","0","0.0934137","0.306902","107.20732633774","16.351414330307","-2.3500001361754E-5"
"16.357125037","107.179486644","0","0","11","1120.92","0.0444384","216.793","-1.54146585253","220.48","32.7084","22.0697","0.0179330655602","1.54146585253","0.107151584601","478.101","0","252.139","0","0.132692","0.000214652","0.234462","0.199365","107.17948664389","16.357125036991","-2.3500001361754E-5"
"16.3492728152","107.223744619","0","0","11","1636.16","0.0111077","331.686","6.50418632806","242.564","81.595","46.9903","0.0119853751134","-6.50418632806","0.0103901430824","579.282","0.00468233080989","252.496","0","0.0328614","0","0.622809","0.377095","107.22374461912","16.349272815188","-2.3500001361754E-5"
"16.3471313001","107.160213011","0","0","14","674.448","0.0892644","93.1434","-3.32153551673","121.365","24.706","19.1142","0.0321117172161","3.32153551673","0.238516870152","409.626","0.0517312863746","37.628","0","0.310848","0.0659786","0.0649733","0.0392766","107.16021301052","16.34713130007","-2.3500001361754E-5"
"16.3407067556","107.211609368","0","0","11","1442.91","0.00902807","283.465","-8.42343379696","254.695","50.1873","32.582","0.00594427706765","8.42343379696","0.0146977901898","560.006","0.0243902439024","30.65","0","0.0597475","0","0.270114","0.274855","107.21160936798","16.340706755612","-2.3500001361754E-5"
"16.3435621094","107.195904925","0","0","11","1031.91","0.0212335","14.014","1.69616000591","157.881","42.216","30.1711","0.012412807117","-1.69616000591","0.036499039401","520.336","0.0487804878049","65.3474","0","0.0886027","0.0021452","0.0729406","0.200194","107.19590492527","16.343562109404","-2.3500001361754E-5"
"16.3414205943","107.098109077","0","0","11","756.236","0.942319","174.454","-0.136825338271","187.037","19.8611","14.8797","0.260565735335","0.136825338271","3.07473469124","330.993","0.028591233766","21.2472","0","0.135868","0.0275698","0.0437998","0.00395155","107.09810907747","16.341420594285","-2.3500001361754E-5"
"16.3468338682","107.109827924","0","0","14","779.508","0.0528616","106.486","-0.0103925785438","128.785","22.8386","17.666","0.019787016646","0.0103925785438","0.196145957382","297.424","0.233144793368","17.3644","0","0.17378","0.0650248","0.0128053","0.0547568","107.10982792362","16.346833868189","-2.3500001361754E-5"
"16.332140696","107.195191087","0","0","11","1162.49","0.00882866","106.075","-3.41340675642","119.856","26.8255","20.6845","0.00349380328968","3.41340675642","0.0244466597932","524.464","0.0684204998246","40.2823","0","0.153538","0.0456804","0.0204315","0.135144","107.1951910866","16.332140696036","-2.3500001361754E-5"
"16.3335683725","107.228741487","0","0","11","1322.74","0.00966302","159.03","-4.16115693978","148.681","46.4354","29.0194","0.0056423458118","4.16115693978","0.0181522042196","588.298","0.0243902439024","234.203","0","0.0617168","0","0.141028","0.269997","107.22874148713","16.333568372482","-2.3500001361754E-5"
"16.3332709406","107.171931856","0","0","11","660.323","0.313552","251.156","0.655490148259","243.485","24.0698","22.1616","0.126488679625","-0.655490148259","0.665115285554","456.527","0.320685074173","14.4022","0","0.196654","0.0563981","0.00696505","0.0208758","107.17193185577","16.333270940601","-2.3500001361754E-5"
"16.3389816464","107.132670749","0","0","11","917.521","0.00824554","221.555","-0.030310989547","179.178","42.8867","28.2873","0.00443921952708","0.030310989547","0.0152814909797","317.048","0.0261333005378","278.86","0","0.306688","0.0749913","0.075395","0.0328565","107.13267074856","16.338981646386","-2.3500001361754E-5"
"16.3339847784","107.151230545","0","0","11","710.102","0.0104218","62.2704","6.65571662947","134.682","28.049","17.4648","0.00327592792928","-6.65571662947","0.0335548112737","380.117","0.0875667142099","61.0576","0","0.354764","0.0702651","0.0943959","0.0741577","107.15123054505","16.333984778375","-2.3500001361754E-5"
"16.3242884751","107.214464721","0","0","11","1288.97","0.0250445","193.452","0.331631469045","203.167","47.6035","32.4247","0.0158490966899","-0.331631469045","0.0392879794606","568.885","0.0547465739461","171.351","0","0.111627","0.0260908","0.207412","0.16869","107.21446472087","16.324288475133","-2.3500001361754E-5"
"16.3185777684","107.148077759","0","0","11","689.369","0.0231442","223.559","-3.34704436619","242.902","49.4514","30.1718","0.0134811270046","3.34704436619","0.0393658560091","393.108","0.0302390699462","74.0229","0","0.271314","0.0200483","0.0867472","0.18068","107.14807775938","16.318577768449","-2.3500001361754E-5"
"16.3264299894","107.118810389","0","0","11","867.305","0.0110867","297.918","-4.76002200068","241.412","31.848","22.9895","0.00506240007927","4.76002200068","0.0284518560451","322.53","0.00174603139232","55.6523","0","0.184673","0.0151227","0.145703","0.0958559","107.11881038909","16.326429989353","-2.3500001361754E-5"
"16.3257161516","107.165923716","0","0","14","721.851","0.0862719","119.876","0.806709900362","129.347","26.3717","19.5885","0.0291413660292","-0.806709900362","0.22492444187","446.464","0.153307277663","27.5036","0","0.258095","0.0559139","0.107366","0.052365","107.16592371631","16.325716151579","-2.3500001361754E-5"
"16.3200054449","107.248728959","0","0","11","1088.98","0.0179693","302.18","3.74205600902","255","59.5207","38.6735","0.01497707837","-3.74205600902","0.0229999487014","624.037","0.0243902439024","268.037","0","0.0637849","0","0.108781","0.288931","107.24872895917","16.320005444895","-2.3500001361754E-5"
"16.3200054449","107.103819784","0","0","11","993.733","0.00825866","276.415","-2.92468887828","235.977","23.1688","17.8543","0.00267529362227","2.92468887828","0.0268620377723","345.803","0","150.355","0","0.159824","0.0168283","0.10492","0.125759","107.10381978416","16.320005444895","-2.3500001361754E-5"
"16.3050148409","107.169492908","0","0","11","1014.3","0.00849031","54.1278","1.57410796158","92.0685","63.8194","37.5055","0.00654162695929","-1.57410796158","0.0111046000608","481.021","0.0243902439024","289.291","0","0.177619","0.0377912","0.231139","0.0996225","107.16949290787","16.305014840862","-2.3500001361754E-5"
"16.3092978702","107.23159684","0","0","11","1043.73","0.0680727","127.148","-1.74696984887","125.168","35.5916","22.5935","0.0283711999164","1.74696984887","0.158640988877","603.503","0.00882586178244","41.6387","0","0.135392","0.0275345","0.164983","0.14821","107.23159684002","16.309297870201","-2.3500001361754E-5"
"16.3107255475","107.243018253","0","0","11","1220.65","0.012139","10.2935","3.08568334849","162.874","42.3897","32.898","0.00783720659101","-3.08568334849","0.0186821516452","619.503","0.0334691906606","79.5842","0","0.0893988","4.60363E-6","0.199939","0.203191","107.24301825339","16.310725547546","-2.3500001361754E-5"
"16.3047174081","107.207623771","0","0","11","646.66","0.0199852","255.618","4.56481559163","228.302","26.7038","18.4434","0.00733866118074","-4.56481559163","0.070772119602","569.764","0.0466766914451","61.9867","0","0.226856","0.0770959","0.0788853","0.0162718","107.20762377052","16.304717408082","-2.3500001361754E-5"
"16.2985902964","107.190194219","0","0","14","911.158","0.0166804","40.0001","-2.73980146279","112.818","51.8267","35.4056","0.0118514699557","2.73980146279","0.0233070239922","544.201","0.0296283883486","196.411","0","0.220518","0.0772974","0.23455","0.0765109","107.19019421859","16.298590296405","-2.3500001361754E-5"
"16.3007318106","107.250156637","0","0","11","1324.58","0.0282042","181.213","0.175795846673","181.45","23.8654","17.9684","0.00923348636777","-0.175795846673","0.0866896267679","633.29","0.0243902439024","165.109","0","0.0863395","0.000237303","0.274676","0.200022","107.25015663652","16.300731810625","-2.3500001361754E-5"
"16.3028733257","107.136656346","0","0","14","790.426","0.0341876","111.705","-1.57140285594","134.582","19.8264","15.3883","0.00942642670676","1.57140285594","0.124188018504","408.121","0.0523316029243","78.172","0","0.305071","0","0.156406","0.294844","107.13665634601","16.302873325743","-2.3500001361754E-5"
"16.297579025","107.123390851","0","0","11","701.714","0.0259169","277.648","-6.1982499176","255","45.0548","36.5795","0.0194173535424","6.1982499176","0.0342528496592","400.399","0.136156819278","78.726","0","0.263587","0","0.0708687","0.310541","107.12339085121","16.297579024952","-2.3500001361754E-5"
"16.287168883","107.256581181","0","0","11","923.82","0.0215653","145.608","-4.22935432482","129.303","49.0183","30.2623","0.0126158300917","4.22935432482","0.0364663602532","648.158","0.0333496728613","89.9299","0","0.0872088","0.00251627","0.24879","0.178739","107.25658118098","16.287168883038","-2.3500001361754E-5"
"16.2914519133","107.152360789","0","0","11","981.698","0.00880734","282.119","-0.849694564366","235.525","24.979","18.8057","0.00301305515104","0.849694564366","0.0261649977378","472.438","0.000302168856834","55.849","0","0.282548","0","0.280521","0.264634","107.15236078872","16.291451913275","-2.3500001361754E-5"
"16.287168883","107.188766542","0","0","7","646.653","0.074538","229.11","0.741196472473","215.149","19.1547","14.7913","0.0197739213671","-0.741196472473","0.27157528614","556.051","0.20826584042","17.2555","0","0.219297","0.0779314","0.0700406","0.0581144","107.18876654214","16.287168883038","-2.3500001361754E-5"
"16.2807443386","107.24444593","0","0","11","731.776","0.0125526","34.58","0.464251295442","161.787","28.165","22.7502","0.00535263246851","-0.464251295442","0.0325030220429","639.96","0.000803642386826","45.7622","0","0.127433","0.126608","0.0715113","0.0722182","107.24444592984","16.28074433858","-2.3500001361754E-5"
"16.2800304999","107.170920584","0","0","11","698.726","0.0243946","91.7347","-0.950325400251","88.5162","35.9174","32.8709","0.0156607428758","0.950325400251","0.0378496249038","534.936","0.00392392055396","23.6364","0","0.150718","0.00587516","0.121245","0.159616","107.17092058432","16.280030499908","-2.3500001361754E-5"
"16.2718808462","107.154799737","0","0","11","585.213","5.39292","251.926","8.38304037287","189.398","29.604","11.2331","0.794640736958","-8.38304037287","21.2186065871","518.468","0.219512195122","13.7208","0","0.271234","0","0.00207163","0.282703","107.15479973662","16.271880846224","-2.3500001361754E-5"
"16.2636122194","107.175203615","0","0","11","674.755","0.0101861","83.268","0.457228932192","108.63","31.9436","23.7267","0.00448561080542","-0.457228932192","0.0230751589324","561.724","0.0830357794323","29.6318","0","0.178288","0.00539891","0.0714444","0.157273","107.17520361456","16.263612219428","-2.3500001361754E-5"
"16.2597455951","107.253309422","0","0","14","650.201","0.103289","115.962","1.39026931444","153.431","17.8249","13.0803","0.02444078908","-1.39026931444","0.440775745092","652.027","0.116562707933","12.0969","0","0.169597","0.159348","0.0292648","0.0333697","107.25330942219","16.259745595083","-2.3500001361754E-5"
"16.2529046447","107.185197351","0","0","11","778.125","0.008701","37.2047","1.82344485482","132.155","34.1703","26.863","0.00454685990186","-1.82344485482","0.0179137698223","579.922","0","55.0041","0","0.121696","0.0219803","0.300645","0.117392","107.18519735058","16.252904644734","-2.3500001361754E-5"
"16.2476103439","107.162651958","0","0","11","801.854","0.0147711","7.1711","2.09778854523","166.701","44.4823","34.0428","0.0099795304111","-2.09778854523","0.0217056535577","550.731","0.0795496435619","95.6039","0","0.2248","0.000209509","0.0369409","0.198919","107.16265195752","16.247610343942","-2.3500001361754E-5"
"16.2433273137","107.219640049","0","0","4","565.352","0.587875","208.24","2.59707218751","180.414","6.46397","3.44498","0.0336130647484","-2.59707218751","7.83870551461","626.361","0.339223440893","4.12147","0","0.313898","0.155798","0.0673113","0.00183082","107.21964004855","16.243327313705","-2.3500001361754E-5"
"16.2250649509","107.170206747","0","0","14","735.463","0.0557199","147.677","1.34607932401","137.543","43.1664","26.2509","0.0274691792257","-1.34607932401","0.110562332816","559.642","0.0544443136217","54.9161","0","0.260511","0.0138022","0.126279","0.125666","107.17020674654","16.225064950887","-2.3500001361754E-5"
"16.2254813568","107.219640049","0","0","14","602.062","0.0423626","281.506","-2.03986747354","213.234","12.9877","10.5478","0.00840078573463","2.03986747354","0.243307520321","619.962","0.180969148177","11.2825","0","0.382147","0.103806","0.173134","0.0124169","107.21964004855","16.225481356779","-2.3500001361754E-5"
"16.2314300088","107.189896786","0","0","14","691.342","0.014441","37.4003","-5.3998565705","154.904","28.6706","15.4064","0.00391946383264","5.3998565705","0.0616654885361","586.889","0","76.932","0","0.207925","0.0484385","0.17946","0.0461626","107.18989678581","16.231430008788","-2.3500001361754E-5"
"16.2179265678","107.167351393","0","0","11","753.694","0.0128368","96.3319","3.94341373555","132.571","26.9003","15.848","0.00389779552589","-3.94341373555","0.054022320169","552.449","0.0245451124528","60.8382","0","0.310472","0.0096845","0.168263","0.133963","107.16735139275","16.217926567757","-2.3500001361754E-5"
"16.2115020233","107.186625027","0","0","11","552.607","0.0112277","332.496","-0.191056820107","187.157","7.24825","4.3194","0.000817225887839","0.191056820107","0.353125428781","570.857","0.160402836029","25.7791","2.03237","0.256979","0.0221547","0.0512328","0.000450976","107.18662502702","16.2115020233","-2.3500001361754E-5"
"16.2088251292","107.252952503","0","0","14","567.112","0.028378","134.922","1.02177621855","172.813","4.95298","4.20678","0.0021009357723","-1.02177621855","0.532233330411","632.749","0.32010155743","6.44282","0","0.362498","0.0504789","0.0712841","0.0667178","107.25295250286","16.208825129176","-2.3500001361754E-5"
"16.2052559376","107.225588701","0","0","11","562.357","0.0587715","142.636","1.88572112824","159.757","14.836","13.6759","0.017270978729","-1.88572112824","0.249680660985","609.762","0.253828029408","13.6674","0","0.281796","0.0116692","0.0612169","0.0790875","107.22558870146","16.205255937611","-2.3500001361754E-5"
"16.2016867469","107.205363282","0","0","11","707.665","0.0455986","100.632","5.96312900993","173.847","29.6135","21.0213","0.0175319356241","-5.96312900993","0.116635154896","584.349","0.0947803122614","56.6487","0","0.290714","0.0193205","0.215492","0.121118","107.20536328229","16.201686746946","-2.3500001361754E-5"
"16.1987343158","107.149936117","0","0","11","548.819","129.813","221.275","1.77275898681","225.392","27.2855","21.8676","54.2502214931","-1.77275898681","12.2493863978","525.471","0","13.1824","0","-9999","-9999","-9999","-9999","107.14993611666","16.198734315836","-2.3500001361754E-5"
"16.1976416629","107.236891141","0","0","11","791.313","0.00936828","171.222","-4.02463103568","175.699","20.2998","12.6408","0.00210065938377","4.02463103568","0.0428595779114","613.693","0","127.389","0","0.248375","0.0039395","0.208927","0.184285","107.23689114081","16.197641662932","-2.3500001361754E-5"
"16.19478631","107.177642562","0","0","11","804.447","0.0133734","203.222","2.53781358126","187.422","29.8006","10.7204","0.00263261842502","-2.53781358126","0.0768614192593","546.453","0.0162601626016","100.927","0","0.230429","0.00785122","0.212756","0.0788194","107.17764256245","16.19478631004","-2.3500001361754E-5"
"16.367118773","107.270144109","0","0","11","538.21","0.0147181","55.8761","-2.42443568631","153.928","20.2254","11.0228","0.00286219436943","2.42443568631","0.0806609926934","667.368","0.0431024267441","50.3682","0","0.167023","0","0.0239828","0.611112","107.27014410856","16.367118773013","-2.3500001361754E-5"
"16.3385652405","107.264433402","0","0","11","648.453","0.0367732","279.675","1.93213917431","255","48.7296","37.633","0.0358739852832","-1.93213917431","0.0597819232437","645.294","0.0243902439024","24.3204","0","0.0782304","0","0.0468228","0.452663","107.26443340188","16.338565240493","-2.3500001361754E-5"
"16.3257161516","107.263005725","0","0","11","1129.21","0.0238135","109.311","-0.215098517068","95.2143","43.9893","29.9336","0.0137562285809","0.215098517068","0.0411783611857","641.954","0","123.286","0","0.0661686","0","0.361755","0.370139","107.26300572543","16.325716151579","-2.3500001361754E-5"
"16.3128670618","107.270144109","0","0","11","755.553","0.0235798","346.132","2.08875942677","201.788","34.7449","28.9735","0.0130544655369","-2.08875942677","0.04209413592","648.717","0.0243902439024","91.1096","0","0.0580127","0","0.121315","0.254749","107.27014410856","16.312867061766","-2.3500001361754E-5"
"16.2550461599","107.268002593","0","0","11","576.711","0.0200904","20.4728","-5.42874030991","160.336","28.6143","17.0289","0.00616605091925","5.42874030991","0.066552297879","659.587","0.0365853658537","15.9647","0","0.132394","0.16082","0.276684","0.0989736","107.26800259345","16.255046159852","-2.3500001361754E-5"
"16.3785401855","107.221603104","0","0","11","1159.04","0.0164951","106.214","2.27000439127","88.8784","45.9351","32.7992","0.0106262569361","-2.27000439127","0.0254399799568","595.335","0.0146947059922","91.5808","0","0.128589","0","0.0637108","0.274316","107.221603104","16.378540185481","-2.3500001361754E-5"
"16.3749709939","107.247301283","0","0","11","813.164","0.0363812","189.32","2.88219720968","203.53","31.4114","22.4634","0.0351738251528","-2.88219720968","0.154359442486","642.217","0.00818647059027","8.67673","0","0.153785","0","0.179295","0.435529","107.24730128273","16.374970993916","-2.3500001361754E-5"
"16.3749709939","107.187338866","0","0","11","1248.53","0.0301255","46.1454","2.91510887041","102.377","63.9048","37.2725","0.0219296281042","-2.91510887041","0.0374052462735","524.441","0.0104582226114","209.774","0","0.103124","0.0128647","0.179827","0.160088","107.1873388657","16.374970993916","-2.3500001361754E-5"
"16.362121905","107.316543598","0","0","11","470.207","0.00831538","57.2646","0.870763289237","106.615","43.6795","28.9616","0.00460615568768","-0.870763289237","0.0150045621517","672.917","0.0593924116017","187.912","0","0.316279","0","0.234933","0.488901","107.31654359801","16.362121905002","-2.3500001361754E-5"
"16.3728294797","107.290131582","0","0","11","614.741","0.0598977","175.289","2.99036895722","173.578","38.8667","29.8819","0.0353846425861","-2.99036895722","0.10440115439","683.943","0.015416481155","102.994","0","0.192027","0","0.0735364","0.619945","107.29013158151","16.372829479697","-2.3500001361754E-5"
"16.3670592865","107.401668816","0","0","11","234.873","0.019671","163.792","-2.46873924865","158.834","37.792","25.9168","0.00903525748078","2.46873924865","0.0378768943451","549.163","0.0207400997764","80.454","0","0.133553","0","0.146528","0.237662","107.40166881566","16.367059286457","-2.3500001361754E-5"
"16.3646798251","107.370735823","0","0","11","181.262","0.00846029","312.05","0.325829522446","251.124","53.2966","33.7577","0.00567901488388","-0.325829522446","0.01276890222","591.75","0.065621592377","49.8907","0","0.193925","0","0.246265","0.419385","107.3707358227","16.364679825114","-2.3500001361754E-5"
"16.3623003647","107.386202319","0","0","14","232.389","0.0109511","26.4804","-0.772310746488","155.829","24.3961","18.8705","0.00390251730915","0.772310746488","0.0334730544325","567.706","0.000497678849692","78.3426","0","0.0705276","0","0.168298","0.322987","107.38620231918","16.36230036467","-2.3500001361754E-5"
"16.3682490167","107.346941213","0","0","11","139.067","0.0161853","94.2111","2.40796231907","99.6393","36.39","26.9953","0.00822634263965","-2.40796231907","0.0319796590606","636.201","0.337901801476","90.9521","0","0.415107","0","0.134723","0.539705","107.34694121287","16.368249016679","-2.3500001361754E-5"
"16.3689628554","107.307561133","0","0","11","663.96","0.0101214","121.108","-0.585488494674","130.66","23.6142","18.644","0.00341470787061","0.585488494674","0.0299873120029","682.968","0.0742894047454","290.679","0","0.267239","0","0.274734","0.559575","107.30756113254","16.368962855352","-2.3500001361754E-5"
"16.352128169","107.340100263","0","0","11","190.305","0.0731845","290.767","-2.35129845956","191.34","16.778","11.2647","0.0153264615109","2.35129845956","0.376900981593","640.972","0","44.6941","0","0.323653","0","0.0839873","0.402767","107.34010026252","16.35212816898","-2.3500001361754E-5"
"16.3563517118","107.417135312","0","0","11","166.381","0.0443366","279.347","-1.24420214902","213.718","12.7165","11.1491","0.00829581730744","1.24420214902","0.209984882753","544.037","0.0523568137637","32.7655","0","0.308236","0.0321897","0.0633732","0.100591","107.41713531215","16.356351711762","-2.3500001361754E-5"
"16.3457036236","107.277282492","0","0","11","678.428","0.0139164","335.785","-2.60770933504","219.331","40.1977","31.5378","0.0108047471873","2.60770933504","0.0283794335903","663.128","0","48.3657","0","0.175835","0","0.388274","0.461564","107.27728249169","16.345703623623","-2.3500001361754E-5"
"16.3435621094","107.303694509","0","0","11","230.035","0.0105817","49.8205","-4.76824036985","122.78","41.9058","26.4565","0.00745370336274","4.76824036985","0.0288219354924","672.625","0.334161002429","39.4895","0","0.259149","0","0.025142","0.365656","107.30369450909","16.343562109404","-2.3500001361754E-5"
"16.3399929178","107.347952483","0","0","11","508.799","0.0175093","101.783","-2.17457422008","114.86","29.4656","23.5419","0.00765172517358","2.17457422008","0.0401293514369","625.441","0.0312919847759","113.627","0","0.210659","0","0.231671","0.321687","107.34795248342","16.339992917839","-2.3500001361754E-5"
"16.3414205943","107.395779649","0","0","11","298.978","0.471172","217.8","2.02341433364","188.405","9.64195","5.62702","0.0487980625131","-2.02341433364","3.91457335687","558.848","0","21.8705","0","0.10088","0.0276845","0.17926","0.15156","107.39577964931","16.341420594285","-2.3500001361754E-5"
"16.3414205943","107.386499752","0","0","11","306.693","0.0674934","233.549","1.49535969983","226.83","24.6396","19.0266","0.0250167996742","-1.49535969983","0.18728909546","568.333","0.0384779325361","2.70736","0","0.0701408","0","0.0207066","0.205436","107.38649975196","16.341420594285","-2.3500001361754E-5"
"16.3392790792","107.408628739","0","0","14","410.424","0.00826574","145.545","-0.696651370385","124.401","47.0218","33.6222","0.00553344442876","0.696651370385","0.0127560216289","547.213","0.00215402564691","107.63","0","0.284267","0.0567549","0.0832448","0.0743007","107.40862873913","16.339279079166","-2.3500001361754E-5"
"16.3468338682","107.444499114","0","0","14","115.346","0.0135462","34.7875","1.37284014338","152.862","19.1034","15.4695","0.00389794357802","-1.37284014338","0.0508439897658","538.45","0.0832435179775","32.7969","0","0.278799","0.0816675","0.0794827","0.00271644","107.44449911354","16.346833868189","-2.3500001361754E-5"
"16.3432646766","107.430222348","0","0","14","155.196","0.923407","343.068","-2.03674103194","188.67","10.537","8.50852","0.117893222158","2.03674103194","4.49276671272","539.67","0.124030813323","18.167","0","0.356679","0.0830178","0.0436139","0.0233275","107.43022234818","16.343264676624","-2.3500001361754E-5"
"16.3307130196","107.317257437","0","0","11","740.22","0.023726","178.321","-0.117735510778","178.321","27.1702","22.212","0.00971515312202","0.117735510778","0.0574479735441","659.767","0","51.0739","0","0.213824","0","0.0610551","0.244727","107.31725743668","16.33071301959","-2.3500001361754E-5"
"16.3335683725","107.284420875","0","0","11","895.772","0.0172855","81.2263","-1.85423623132","84.9797","46","32.9133","0.0118209959107","1.85423623132","0.0274772539732","665.506","0.00345847476301","197.097","0","0.0972054","0","0.283138","0.351377","107.28442087482","16.333568372482","-2.3500001361754E-5"
"16.3292853431","107.306549862","0","0","11","830.52","0.0099601","320.324","1.04914790149","208.492","36.1158","28.1641","0.0053365854021","-1.04914790149","0.0185187022625","665.302","0.0113023303546","190.975","0","0.194964","0","0.0834406","0.249349","107.30654986199","16.329285343144","-2.3500001361754E-5"
"16.3304155868","107.329690121","0","0","11","706.773","0.0121772","110.21","-0.752956744632","102.017","41.9528","27.7953","0.0067010929904","0.752956744632","0.0238847971047","648.212","0.00171636802228","153.579","0","0.170309","0","0.0904002","0.223707","107.3296901206","16.33041558681","-2.3500001361754E-5"
"16.3192916071","107.288703904","0","0","11","495.618","0.393557","40.4791","4.94630791251","124.301","34.6146","29.238","0.220859053468","-4.94630791251","0.679303850672","663.347","0.055572521387","25.4393","0","0.0805761","0","0.00178341","0.232446","107.28870390416","16.319291607122","-2.3500001361754E-5"
"16.3192916071","107.32439582","0","0","11","339.25","0.0904034","99.4823","2.56346004144","89.7709","36.507","30.1227","0.0954298592444","-2.56346004144","0.248971690033","651.15","0.0227544088631","29.4276","0","0.221514","0.0272815","0.0608386","0.140974","107.32439581981","16.319291607122","-2.3500001361754E-5"
"16.3207192836","107.352235514","0","0","11","461.845","0.0144065","264.577","-3.58641929848","255","37.2558","28.3506","0.00767133735218","3.58641929848","0.026140882115","618.603","0.0321666735095","133.363","0","0.312769","0.0183123","0.318631","0.178524","107.35223551366","16.320719283568","-2.3500001361754E-5"
"16.3250023129","107.398635003","0","0","14","323.818","0.0327123","232.267","0.539986843143","225.987","32.295","18.8102","0.0111268844606","-0.539986843143","0.0942029354242","558.834","0.0529751560514","29.2293","0","0.182883","0.0752117","0.207887","0.044398","107.3986350031","16.325002312906","-2.3500001361754E-5"
"16.3192916071","107.380789045","0","0","11","198.065","0.918893","241.869","3.64149696283","188.833","14.1944","3.3736","0.0714521448702","-3.64149696283","11.8409885437","578.696","0.0760617955111","10.8888","0","0.237193","0.0549494","0.00222731","0.0884319","107.38078904528","16.319291607122","-2.3500001361754E-5"
"16.3214331213","107.435754594","0","0","11","484.862","0.00909821","277.82","-3.6294872333","212.203","22.3396","13.1746","0.0021076413728","3.6294872333","0.102522271518","530.551","0.0553871726317","84.8094","0","0.242326","0.0711442","0.0387381","0.0306149","107.4357545943","16.321433121341","-2.3500001361754E-5"
"16.3164362533","107.421477829","0","0","14","278.557","0.009877","322.047","1.20220408455","182.525","15.0758","11.2058","0.00195694968594","-1.20220408455","0.0508327555228","539.44","0.0256198818188","48.2928","0","0.196161","0.0782133","0.0369446","0.0143155","107.42147782894","16.31643625333","-2.3500001361754E-5"
"16.3114393853","107.309405215","0","0","11","499.973","0.00875079","51.4297","-1.84221569407","110.194","46.7501","30.4262","0.00513420088443","1.84221569407","0.0148602508085","660.032","0.0139262889624","245.255","0","0.209755","0.0385442","0.104489","0.106537","107.30940521488","16.311439385319","-2.3500001361754E-5"
"16.3050148409","107.412911769","0","0","14","567.058","0.00958067","325.789","-3.03521230439","222.613","33.4561","25.2947","0.00457665941778","3.03521230439","0.0207332281947","542.239","0.00918896425522","110.079","0","0.151959","0.0817311","0.0719882","0.0289672","107.41291176936","16.305014840862","-2.3500001361754E-5"
"16.3107255475","107.398635003","0","0","14","363.469","0.00873154","301.348","-0.432473676781","235.332","25.8981","21.0177","0.00334882493087","0.432473676781","0.0235490521234","558.891","0.0162601626016","99.2513","0","0.181569","0.0820241","0.0589348","0.0126666","107.3986350031","16.310725547546","-2.3500001361754E-5"
"16.307572761","107.436765866","0","0","11","250.781","0.067669","249.777","2.68672965589","211.027","19.0788","10.4118","0.0125359841716","-2.68672965589","0.363390129299","523.36","0.0121951219512","4.89438","0","0.13149","0.0196618","0.188747","0.00124077","107.43676586575","16.307572760974","-2.3500001361754E-5"
"16.3061450845","107.387511023","0","0","4","227.893","0.00835794","316.616","0.353674764173","189.065","4.15612","4.20312","0.000620104021468","-0.353674764173","0.11527559319","571.357","0.060974644812","5.88364","0","0.216307","0.0773289","0.0480108","0.00311502","107.38751102252","16.306145084528","-2.3500001361754E-5"
"16.3097142761","107.33825618","0","0","11","310.064","0.0204415","204","-0.0318648376276","187.744","9.12912","6.28456","0.00225147420268","0.0318648376276","0.186420741853","636.47","0.0128784650874","221.447","0","0.298964","0.0433037","0.126542","0.0688963","107.33825618018","16.309714276093","-2.3500001361754E-5"
"16.3007318106","107.280137845","0","0","11","564.844","0.0195743","117.301","2.04326948436","105.06","39.6956","28.0048","0.0105182776311","-2.04326948436","0.0364232801424","661.771","0","73.2446","0","0.112658","0.0261993","0.191328","0.13055","107.28013784459","16.300731810625","-2.3500001361754E-5"
"16.2985902964","107.381502884","0","0","4","295.141","0.00965965","59.4945","-0.473528970436","173.122","11.1659","9.5762","0.00160777341459","0.473528970436","0.0646103620707","579.412","0.0710687679807","51.7198","0","0.344447","0.0800558","0.203389","0.0397642","107.38150288395","16.298590296405","-2.3500001361754E-5"
"16.2993041342","107.427902373","0","0","11","394.619","0.0311911","16.0594","-0.319569546405","173.757","7.69274","8.15594","0.00436720471326","0.319569546405","0.231251587153","526.936","0","82.3547","0","0.114314","0.0219989","0.221106","0.0830163","107.4279023734","16.299304134178","-2.3500001361754E-5"
"16.292165751","107.398635003","0","0","11","325.777","0.0370173","226.352","-4.23765480618","224.297","31.3587","20.41","0.0138590535366","4.23765480618","0.0975475223528","558.462","0","76.455","0","0.121811","0.0640438","0.0755542","0.041272","107.3986350031","16.292165751049","-2.3500001361754E-5"
"16.2893103982","107.280137845","0","0","11","565.363","0.0114867","71.5506","3.99370975648","103.377","37.236","27.7842","0.00607143278213","-3.99370975648","0.0225134562294","663.467","0.0257126055296","127.59","0","0.123922","0.045595","0.0924674","0.0794327","107.28013784459","16.289310398156","-2.3500001361754E-5"
"16.2814581764","107.409342578","0","0","11","596.029","0.0128197","83.6366","0.1761220382","174.742","22.0664","19.2523","0.00448182676814","-0.1761220382","0.0365623486295","543.448","0.0224744367515","93.4252","0","0.117379","0.00501884","0.186516","0.153567","107.4093425778","16.281458176354","-2.3500001361754E-5"
"16.287168883","107.436468433","0","0","14","300.702","0.00857059","2.14371","-4.15599703943","177.297","35.9007","29.1081","0.00488036441204","4.15599703943","0.0156789158738","513.039","0","86.2188","0","0.130626","0.00430282","0.0435308","0.147956","107.43646843297","16.287168883038","-2.3500001361754E-5"
"16.2800304999","107.439323786","0","0","14","248.476","0.0343067","104.061","3.0448676989","91.2816","36.3657","30.6992","0.020322289799","-3.0448676989","0.0577173984788","504.291","0","23.5771","0","0.141283","0.000138433","0.0493246","0.202335","107.43932378586","16.280030499908","-2.3500001361754E-5"
"16.2835996915","107.417908637","0","0","11","561.536","0.136506","128.877","-1.18397790282","142.074","22.5798","16.418","0.0395932993859","1.18397790282","0.428944698955","534.875","0","49.8315","0","0.120573","1.07092E-5","0.234783","0.203629","107.41790863737","16.283599691473","-2.3500001361754E-5"
"16.2885370729","107.311249297","0","0","14","394.906","0.0167046","289.388","-0.926367819242","254.875","37.7029","26.9461","0.00853018575753","0.926367819242","0.0327816759407","658.815","0","113.861","0","0.200721","0.0703704","0.137764","0.0487268","107.31124929722","16.288537072928","-2.3500001361754E-5"
"16.2849678814","107.295782801","0","0","14","320.909","0.0187741","83.7834","-2.16776143029","130.005","21.0962","17.502","0.00567720206576","2.16776143029","0.0583429085259","664.415","0","44.776","0","0.157379","0.0693845","0.15269","0.0317228","107.29578280074","16.284967881363","-2.3500001361754E-5"
"16.277175147","107.322968143","0","0","11","410.813","0.024259","3.21417","-7.41055993848","175.766","44.0356","29.6327","0.0143679049336","7.41055993848","0.0435582508604","648.188","0.000297528035359","117.216","0","0.132225","0.0264311","0.162691","0.162106","107.32296814337","16.277175147016","-2.3500001361754E-5"
"16.2714644403","107.336531071","0","0","11","719.903","0.010986","30.9695","-4.03258892528","139.946","45.7057","26.3174","0.00545392207383","4.03258892528","0.0222915894361","634.763","0","131.019","0","0.0587795","0.00200369","0.339931","0.163307","107.33653107095","16.271464440332","-2.3500001361754E-5"
"16.2790192294","107.381443397","0","0","11","270.508","0.0115642","279.435","1.7323687575","248.856","31.1278","23.297","0.00492744737113","-1.7323687575","0.0264585192712","579.368","0.0398022848","109.242","0","0.243239","0.0527808","0.105978","0.0981304","107.3814433974","16.279019229354","-2.3500001361754E-5"
"16.2683116547","107.396909894","0","0","11","377.575","0.0179132","302.147","-0.561375419771","243.91","38.8462","24.8462","0.00821137475878","0.561375419771","0.0376548882003","556.815","0.000272055284811","121.981","0","0.101958","0.000250004","0.288613","0.198105","107.39690989388","16.268311654659","-2.3500001361754E-5"
"16.2783053907","107.281862954","0","0","11","503.893","0.0106278","68.1874","-4.43286609155","134.293","27.4191","16.8679","0.0033443139613","4.43286609155","0.0372847149329","666.016","0","85.5848","0","0.138476","0.0695172","0.301171","0.0696975","107.28186295381","16.278305390681","-2.3500001361754E-5"
"16.2754500378","107.311130324","0","0","11","309.985","0.0669593","111.847","-3.24774370225","111.134","37.5008","27.66","0.0417811865344","3.24774370225","0.14327736103","658.822","0","31.9888","0","0.146352","0.0772747","0.221733","0.116925","107.31113032411","16.275450037789","-2.3500001361754E-5"
"16.2571876741","107.339386424","0","0","11","745.263","0.0617384","183.175","-2.02208680452","183.239","20.4599","15.3722","0.0163472981186","2.02208680452","0.210395080271","625.167","0","139.787","0","0.0300123","0","0.183599","0.222243","107.33938642384","16.257187674072","-2.3500001361754E-5"
"16.267181411","107.290845419","0","0","14","254.731","16.5346","210.188","-1.17471453204","220.558","27.3122","24.8354","7.52047579469","1.17471453204","6.44661185157","667.414","0.086903697635","9.94539","0","0.114928","0.0847621","0.00872407","0.00195767","107.29084541928","16.267181410993","-2.3500001361754E-5"
"16.2686090874","107.275140977","0","0","11","447.898","0.135467","242.268","-5.24791680507","226.367","28.5187","19.1618","0.0493789742927","5.24791680507","0.429984146603","666.423","0.00295230032095","29.5169","0","0.111037","0.0700693","0.0539121","0.122208","107.27514097657","16.268609087439","-2.3500001361754E-5"
"16.2686090874","107.275140977","0","0","11","447.898","0.135467","242.268","-5.24791680507","226.367","28.5187","19.1618","0.0493789742927","5.24791680507","0.429984146603","666.423","0.00295230032095","29.5169","0","0.111037","0.0700693","0.0539121","0.122208","107.27514097657","16.268609087439","-2.3500001361754E-5"
"16.2664675723","107.346524807","0","0","11","619.941","0.0183814","35.3078","1.70586210291","124.351","44.6716","32.5205","0.0118847730555","-1.70586210291","0.0300260038947","622.494","0.0719590608615","195.481","0","0.134924","0.00305064","0.170966","0.129727","107.34652480697","16.266467572321","-2.3500001361754E-5"
"16.2571876741","107.415053284","0","0","11","364.454","0.0162457","216.961","4.36620873911","196.015","30.8952","19.5341","0.00572463269107","-4.36620873911","0.047181402628","527.328","0.00449213304843","65.0755","0","0.120341","0","0.154155","0.266003","107.41505328358","16.257187674072","-2.3500001361754E-5"
"16.2640286253","107.321837899","0","0","11","518.241","0.0267636","326.003","-3.18358693753","228.262","46.3638","28.3876","0.0143368354973","3.18358693753","0.0494312650502","647.542","0.0487804878049","53.4572","0","0.0374954","0.000722356","0.0365721","0.199554","107.3218378988","16.264028625321","-2.3500001361754E-5"
"16.2564738363","107.327965011","0","0","11","795.324","0.0185626","176.228","3.70823280788","177.602","23.8754","19.623","0.00672003242134","-3.70823280788","0.0523818691201","636.798","0.0038062045671","42.715","0","0.0354744","0","0.274447","0.261513","107.32796501138","16.256473836299","-2.3500001361754E-5"
"16.2514769683","107.31154673","0","0","11","564.256","0.0119042","275.201","-3.54918331875","225.992","28.048","14.5479","0.00319537071384","3.54918331875","0.0471019334576","649.229","0","74.7735","0","0.101066","0.0479236","0.110688","0.146279","107.31154673","16.251476968288","-2.3500001361754E-5"
"16.247193938","107.358660058","0","0","11","440.211","0.0347097","74.688","-0.14541556412","101.66","35.177","26.7714","0.0177654284478","0.14541556412","0.070199175696","597.687","0","58.673","0","0.157037","0","0.157722","0.264009","107.35866005812","16.24719393805","-2.3500001361754E-5"
"16.2557599976","107.394351973","0","0","11","574.857","0.025394","245.256","-2.30290634248","206.669","17.6282","13.2778","0.00579273045923","2.30290634248","0.108136947764","556.229","0","87.9675","0","0.149894","0","0.390491","0.29683","107.39435197287","16.255759997626","-2.3500001361754E-5"
"16.2507631296","107.403631871","0","0","11","408.182","0.0935966","46.1794","-3.09802736632","119.434","37.8778","27.7556","0.0482893121635","3.09802736632","0.174106975348","539.527","0.0104257843059","42.7127","0","0.0690675","0","0.0967003","0.346046","107.40363187111","16.250763129615","-2.3500001361754E-5"
"16.2468965053","107.341111533","0","0","11","713.451","0.0125819","35.6865","4.36559999224","146.311","29.8804","18.2077","0.00412601268919","-4.36559999224","0.0400436372752","619.893","0.0104364754145","74.0463","0","0.038869","0","0.166074","0.288405","107.34111153307","16.24689650527","-2.3500001361754E-5"
"16.2379140407","107.330106526","0","0","11","581.104","0.0110391","212.265","-4.03457486946","214.611","30.7944","21.3502","0.00432998717746","4.03457486946","0.0281128335574","625.119","0","143.231","0","0.0669169","0","0.262834","0.320111","107.3301065256","16.2379140407","-2.3500001361754E-5"
"16.2350586869","107.287276228","0","0","11","746.016","0.00983444","280.338","2.36671499798","252.615","29.632","26.6916","0.0049424710617","-2.36671499798","0.019507086565","653.751","0.0339202821613","148.659","0","0.128462","0.115873","0.20137","0.0552092","107.28727622772","16.235058686909","-2.3500001361754E-5"
"16.2379140407","107.3408141","0","0","11","496.496","0.243035","167.709","4.16166610597","163.774","33.6356","26.2449","0.118993399398","-4.16166610597","0.435667748","613.073","0","27.818","0","0.0638416","0","0.383798","0.356489","107.34081410029","16.2379140407","-2.3500001361754E-5"
"16.2386278785","107.38293056","0","0","11","392.081","0.0949001","19.2879","1.29773546459","147.112","51.0356","34.727","0.0634769329926","-1.29773546459","0.126786568377","559.82","0","75.43","0","0.17563","0","0.224194","0.392657","107.3829305604","16.238627878474","-2.3500001361754E-5"
"16.24219707","107.415053284","0","0","11","208.331","1.41454","261.978","5.40563274051","212.064","17.0845","11.6401","0.348423494476","-5.40563274051","5.5882154797","520.586","0.0491809058734","17.847","0","0.132228","0","0.000790334","0.270762","107.41505328358","16.242197070039","-2.3500001361754E-5"
"16.2364863634","107.402918032","0","0","11","451.115","0.0228385","174.788","-3.20692563017","170.313","50.1995","36.5595","0.0173683713763","3.20692563017","0.0302735529407","534.723","0","146.703","0","0.0730097","0","0.112525","0.373703","107.40291803244","16.236486363355","-2.3500001361754E-5"
"16.2407693936","107.364370765","0","0","11","427.174","0.00836083","22.66","8.96811617875","141.602","52.5722","34.4379","0.00581723286009","-8.96811617875","0.0124455858048","585.513","0","75.613","0","0.165627","0","0.300656","0.321489","107.3643707648","16.240769393593","-2.3500001361754E-5"
"16.2279203038","107.302266832","0","0","11","600.831","0.221965","107.652","3.51564071363","148.497","19.5168","11.0207","0.0420622483834","-3.51564071363","1.05696227317","639.866","0.00724333688976","24.3643","0","0.0803562","0.0425351","0.165311","0.148075","107.30226683175","16.227920303779","-2.3500001361754E-5"
"16.2293479811","107.396493488","0","0","11","340.477","0.0271456","348.216","1.27451752903","195.485","35.1914","23.9484","0.0120396460126","-1.27451752903","0.0604638228445","535.06","0","37.7963","0","0.153338","0","0.169142","0.439638","107.39649348798","16.229347981124","-2.3500001361754E-5"
"16.2250649509","107.363656926","0","0","11","472.61","0.017555","254.904","0.650632525734","255","38.3544","27.9965","0.00977299640559","-0.650632525734","0.0344051918637","575.14","0","99.8715","0","0.20148","0","0.313492","0.444548","107.36365692613","16.225064950887","-2.3500001361754E-5"
"16.222209598","107.415767122","0","0","11","278.202","0.0167253","151.154","-0.0919398603612","157.236","19.5785","16.1725","0.00717824267931","0.0919398603612","0.0896199614595","508.794","0.0240686035587","37.7858","0","0.161926","0","0.160244","0.290776","107.41576712226","16.222209597995","-2.3500001361754E-5"
"16.2302402786","107.442119653","0","0","11","219.884","6.15875","185.293","-2.80107403089","188.473","33.8944","28.8803","3.05397596852","2.80107403089","3.38786680801","476.699","0.00398133887788","55.7636","0","0.220456","0.0351023","0.0513556","0.124792","107.4421196531","16.230240278566","-2.3500001361754E-5"
"16.2283367097","107.277579924","0","0","11","625.863","0.0347047","252.747","-2.48307559266","219.957","20.8316","15.6025","0.00960192018804","2.48307559266","0.129767886521","653.437","0.266377254285","24.6432","0","0.249626","0.140463","0.144287","0.0294501","107.27757992447","16.228336709671","-2.3500001361754E-5"
"16.2207819215","107.332961879","0","0","11","425.837","0.0756579","196.279","-0.102407653472","201.537","31.4605","25.0693","0.0348264876318","0.102407653472","0.153544171329","608.49","0","52.1242","0","0.127529","0","0.0891032","0.344475","107.33296187939","16.220781921549","-2.3500001361754E-5"
"16.2100743469","107.395065812","0","0","11","371.468","0.0173942","155.12","2.88376795036","151.781","30.8743","22.2488","0.00846852082424","-2.88376795036","0.0515343680826","520.258","0.0226640908644","56.9092","0","0.195376","0","0.288277","0.373341","107.39506581154","16.210074346854","-2.3500001361754E-5"
"16.2197706501","107.349677593","0","0","11","271.636","0.0229429","45.6069","-3.61067295096","134.968","36.0064","23.153","0.00982963802382","3.61067295096","0.0546231133736","587.585","0.0515121100296","54.4089","0","0.130795","0","0.0241401","0.424146","107.34967759265","16.219770650095","-2.3500001361754E-5"
"16.2147737821","107.408212333","0","0","11","249.288","0.0400778","198.461","0.62154016208","187.66","8.54538","7.0534","0.00494108270387","-0.62154016208","0.352076475347","508.118","0.103908786187","19.7215","0","0.104603","0","0.107248","0.336134","107.40821233323","16.214773782084","-2.3500001361754E-5"
"16.2015082873","107.322968143","0","0","11","605.998","0.0266888","41.4543","0.366039468042","156.849","14.1003","11.3924","0.00538313482896","-0.366039468042","0.134160618168","605.451","0.00930475982349","34.372","0","0.097493","0.00266823","0.148133","0.177595","107.32296814337","16.201508287278","-2.3500001361754E-5"
"16.2072189931","107.347238646","0","0","11","453.39","0.0270015","194.385","-2.89885960953","150.665","27.4002","24.3752","0.0130656924373","2.89885960953","0.0639482114447","580.001","0","142.904","0","0.139519","0","0.131269","0.338549","107.34723864565","16.207218993062","-2.3500001361754E-5"
"16.1986529335","107.370795309","0","0","11","198.433","0.26225","75.8162","1.01284669693","147.592","23.3338","12.6915","0.0593132676135","-1.01284669693","1.10897951149","538.777","0.0540118034114","11.7211","0","0.2862","0","0.221673","0.351741","107.37079530926","16.198652933486","-2.3500001361754E-5"
"16.1993667722","107.439323786","0","0","11","288.098","0.132527","70.0323","1.61612018291","161.215","17.9489","13.5716","0.0314292269462","-1.61612018291","0.598962789667","478.944","0.0160687613553","23.3662","0","0.0897805","0.0100958","0.0231131","0.130251","107.43932378586","16.199366772159","-2.3500001361754E-5"
"16.1993667722","107.439323786","0","0","11","288.098","0.132527","70.0323","1.61612018291","161.215","17.9489","13.5716","0.0314292269462","-1.61612018291","0.598962789667","478.944","0.0160687613553","23.3662","0","0.0897805","0.0100958","0.0231131","0.130251","107.43932378586","16.199366772159","-2.3500001361754E-5"
"16.2072189931","107.302266832","0","0","11","691.819","0.0223504","244.381","1.89909749869","255","49.3566","34.08","0.0234689305944","-1.89909749869","0.0502611437839","627.956","0.000631805673445","21.9808","0","0.233493","0.0550385","0.28979","0.0879217","107.30226683175","16.207218993062","-2.3500001361754E-5"
"16.2088251292","107.427842887","0","0","11","263.085","0.0148944","42.7926","-4.54680002391","161.504","14.747","10.0311","0.00264969659612","4.54680002391","0.0858688927176","488.304","0.00146659436287","40.3029","0","0.135115","0.00309345","0.0612239","0.183207","107.42784288684","16.208825129176","-2.3500001361754E-5"
"16.2012108545","107.421775261","0","0","11","255.146","0.00903388","71.8987","-0.474215414576","165.384","6.85572","5.43489","0.000945949700781","0.474215414576","0.108461734614","489.312","0.0407581799929","22.7587","0","0.0950675","0","0.0536582","0.240769","107.42177526082","16.201210854497","-2.3500001361754E-5"
"16.1957975806","107.357232382","0","0","14","467.588","0.0180552","289.007","-3.52665337091","249.897","31.6731","24.267","0.0125548493732","3.52665337091","0.0548922270148","554.564","0.0859343309248","82.7638","0","0.229242","0","0.0513036","0.315314","107.35723238167","16.195797580594","-2.3500001361754E-5"
"16.1979390957","107.395065812","0","0","11","353.073","0.0580289","284.097","-1.63155458684","232.618","19.7551","17.5133","0.0184296498565","1.63155458684","0.180571942583","506.921","0.0143099880846","37.5763","0","0.255558","0","0.349311","0.297013","107.39506581154","16.197939095713","-2.3500001361754E-5"
"16.3646798251","107.456396418","0","0","14","141.869","0.0139095","271.444","-1.47009292135","228.126","19.335","15.543","0.00405518396238","1.47009292135","0.0510089416628","543.895","0.239786572331","45.3326","0","0.195536","0.111786","0.145389","0.0366208","107.45639641846","16.364679825114","-2.3500001361754E-5"
"16.329701749","107.451042632","0","0","14","293.768","0.00827981","352.043","-2.90600642024","194.429","45.9642","33.8727","0.00566056817029","2.90600642024","0.0125528183266","530.896","0.0111073054451","126.888","0","0.178991","0.0568663","0.0425414","0.102239","107.45104263201","16.329701749037","-2.3500001361754E-5"
"16.3099522223","107.45758615","0","0","11","181.764","0.0170382","269.274","-0.96950784064","252.26","34.6552","29.3091","0.00986567945469","0.96950784064","0.0308616335592","515.111","0.0133396949277","61.0591","0","0.134319","0.00971259","0.0454083","0.124621","107.45758614958","16.309952222317","-2.3500001361754E-5"
"16.292165751","107.450745199","0","0","11","225.995","0.0572435","213.366","-2.24441523481","199.437","16.4007","10.4096","0.0105923328411","2.24441523481","0.339656264112","500.538","0.017607037836","67.6152","0","0.123764","0.00533055","0.148258","0.132219","107.45074519923","16.292165751049","-2.3500001361754E-5"
"16.277175147","107.460738935","0","0","11","428.309","0.00854087","319.756","0.796514697446","255","67.6954","43.0181","0.00860526453978","-0.796514697446","0.00990334286457","475.087","0.013320300345","192.51","0","0.231648","0.000166343","0.114089","0.200243","107.46073893525","16.277175147016","-2.3500001361754E-5"
"16.2154876208","107.453184146","0","0","14","204.904","0.0211286","221.397","0.818123652175","188.266","18.7603","15.5933","0.0058570157214","-0.818123652175","0.0801171642602","474.882","0.0755796488941","31.5082","0","0.111239","0.0284621","0.0310797","0.00215655","107.45318414623","16.215487620757","-2.3500001361754E-5"
"16.197225257","107.455742067","0","0","11","633.556","0.00910931","106.101","-1.70427692184","147.37","36.1588","25.2987","0.00439225956016","1.70427692184","0.0198678989734","481.311","0.0121572189391","249.296","0","0.0572137","0.0152906","0.513054","0.112628","107.45574206724","16.19722525704","-2.3500001361754E-5"
"16.3778263477","107.30298067","0","0","11","510.777","0.14489","279.457","2.50368096634","196.664","14.1039","7.5283","0.0169297566728","-2.50368096634","1.5372359252","692.431","0","7.89219","0","0.214419","0","0.389619","0.636546","107.30298067042","16.377826347708","-2.3500001361754E-5"
"16.377112509","107.279424007","0","0","11","745.845","0.0523053","207.144","1.91095529239","223.782","50.4877","32.3383","0.0331608635296","-1.91095529239","0.0807037604157","683.781","0","259.512","0","0.154941","0","0.130368","0.629776","107.27942400681","16.377112509035","-2.3500001361754E-5"
"16.3527600003","107.493567","1.3","1","14","24.0328","2.0774","216.008","-0.203662795739","189.004","5.33403","4.52304","0.159411110075","0.203662795739","15.0670510923","550.778","0.634146341463","1.45685","0","0.472835","0.190778","0.0300901","0.00160191","107.49356700032","16.352760000274","1.2999764999986"
"16.3696766931","107.615225441","0","0","14","66.9084","0.00982609","316.71","0.422258833772","227.388","34.3811","22.3983","0.00404747487942","-0.422258833772","0.0237526109986","545.967","0.199297598453","55.3762","0","0.398083","0.113095","0.245775","0.0558396","107.6152254413","16.369676693125","-2.3500001361754E-5"
"16.3382678086","107.627360692","0","0","14","112.182","0.0324926","204.035","-1.50067450861","210.918","30.5761","24.7242","0.0149921965816","1.50067450861","0.069633029927","541.055","0.10718745711","81.5702","0","0.397195","0.113999","0.208968","0.015025","107.62736069244","16.338267808612","-2.3500001361754E-5"
"16.3278576667","107.560676297","0","0","11","386.782","0.00824368","39.7747","-0.513998342979","136.276","32.1836","23.3903","0.00359796274475","0.513998342979","0.0195918049623","542.121","0.00839565316733","219.888","0","0.0659217","0.00637668","0.361004","0.123119","107.56067629727","16.327857666698","-2.3500001361754E-5"
"16.326608449","107.515882944","0","0","14","116.99","0.0467119","57.9915","-1.62290032596","148.642","11.9017","12.287","0.00996564023789","1.62290032596","0.218293860968","540.325","0.234966734112","7.57147","0","0.399392","0.0789498","0.00805667","0.00140095","107.51588294394","16.326608449021","-2.3500001361754E-5"
"16.3313673717","107.467103993","0","0","14","150.166","0.257207","283.479","2.68567221466","207.463","11.9255","8.71295","0.0372648850206","-2.68567221466","1.47916733584","532.346","0","13.0391","0","0.157398","0.0516541","0.254192","0.140282","107.46710399315","16.331367371707","-2.3500001361754E-5"
"16.3239910424","107.530992521","0","0","14","144.002","0.0489257","78.627","5.60087618979","91.8858","38.2414","29.8229","0.0282793560349","-5.60087618979","0.0859206111072","535.907","0.0118636238554","34.7766","0","0.153448","0.0358673","0.0918755","0.0828624","107.53099252109","16.323991042353","-2.3500001361754E-5"
"16.3207192836","107.579236093","0","0","14","428.252","0.0239705","257.487","1.38239408665","241.799","27.9048","20.7622","0.00906247818757","-1.38239408665","0.0625498283533","542.749","0","69.7322","0","0.102327","0","0.255427","0.240738","107.57923609287","16.320719283568","-2.3500001361754E-5"
"16.3218495272","107.488519143","0","0","11","209.556","0.0212267","174.424","-3.4035750121","173.349","32.5749","25.647","0.010333770939","3.4035750121","0.0447475217421","529.435","0.00473848256593","88.8091","0","0.35088","0.0600544","0.19092","0.0154034","107.48851914254","16.321849527234","-2.3500001361754E-5"
"16.3161388206","107.544555449","0","0","11","163.381","0.0245931","55.0406","0.54778452174","124.259","30.7718","22.7175","0.0103183247171","-0.54778452174","0.0583160924276","535.787","0.00637915793243","119.719","0","0.0995368","0.00854914","0.13658","0.052679","107.54455544868","16.31613882055","-2.3500001361754E-5"
"16.3078701938","107.582805284","0","0","10","314.451","0.0243897","186.527","-0.561201350301","184.225","15.6261","11.3568","0.00791831300971","0.561201350301","0.206394960785","542.996","0.0433863782538","40.9036","0","0.103401","0.0109724","0.0310804","0.141242","107.58280528444","16.307870193754","-2.3500001361754E-5"
"16.3087624921","107.538487824","0","0","11","201.369","0.00997511","324.581","2.00498456833","199.241","19.6694","13.5485","0.00240209164159","-2.00498456833","0.0460914113366","529.01","0.0107914570694","20.0699","0","0.0954421","0.00659349","0.0562335","0.124074","107.53848782355","16.308762492095","-2.3500001361754E-5"
"16.3111419525","107.557523512","0","0","14","158.286","0.0468256","175.446","-3.93147052134","174.592","27.0206","22.5053","0.019530294964","3.93147052134","0.110209791037","538.296","0.0506608348748","43.2529","0","0.120867","0.00384258","0.145232","0.12972","107.5575235116","16.311141952539","-2.3500001361754E-5"
"16.3104281148","107.469602428","0","0","14","63.4679","3.18892","229.69","5.34051896216","185.007","20.6269","9.90431","0.691421047879","-5.34051896216","6.92722157711","513.322","0.664900139673","8.06883","5.51279","0.144645","0.0108935","0.00277945","0.115302","107.46960242761","16.310428114766","-2.3500001361754E-5"
"16.3104281148","107.514574241","0","0","11","56","0.164861","0","0.0812505418303","180","0.705852","0","0.000163237697237","-0.0812505418303","151.202442407","522.513","0.604268077654","10.8078","48.8401","0.276362","0.0280996","0.00855791","0.02662","107.51457424061","16.310428114766","-2.3500001361754E-5"
"16.2928795897","107.478584893","0","0","11","463.926","0.0214322","215.088","-0.485742461376","217.667","37.8657","26.7869","0.0110653190439","0.485742461376","0.0422130604685","491.07","0.0250215558673","115.244","0","0.198566","0.00223497","0.188093","0.153466","107.47858489308","16.292879589721","-2.3500001361754E-5"
"16.2928795897","107.523556706","0","0","11","302.316","0.00964061","22.3486","1.5427964272","153.442","35.4418","21.8688","0.00387455653995","-1.5427964272","0.0256055649817","511.908","0","38.2706","0","0.160276","0.00408117","0.227472","0.155844","107.52355670608","16.292879589721","-2.3500001361754E-5"
"16.289726804","107.562282433","0","0","11","142.589","0.0160935","254.606","-1.93469268669","224.575","21.3319","14.8664","0.00450042161614","1.93469268669","0.06196115555","533.299","0.0178136775912","55.2379","0","0.124925","0.00313264","0.072571","0.142252","107.56228243339","16.289726804049","-2.3500001361754E-5"
"16.2956754561","107.607492193","0","0","11","132.36","0.0143134","92.12","-0.926294198949","124.247","21.632","18.1502","0.00468876118421","0.926294198949","0.0436219597698","541.143","0.159370423991","85.3936","0","0.162282","0.0374567","0.16036","0.0105219","107.60749219261","16.295675456057","-2.3500001361754E-5"
"16.2980549174","107.492088334","0","0","14","60.1826","0.011814","74.4387","3.12448379952","154.364","21.2433","12.2204","0.00284426716161","-3.12448379952","0.114669618215","500.284","0.306077146914","20.7493","23.4079","0.297019","0.0174104","0.0376063","0.120405","107.49208833411","16.298054917401","-2.3500001361754E-5"
"16.2990067014","107.623791501","0","0","4","170.256","0.00824155","99.75","-0.343092780191","122.181","23.4231","19.4202","0.00291228662663","0.343092780191","0.0234066361095","537.078","0","138.362","0","0.280352","0.0707238","0.188075","0.00469364","107.62379150088","16.299006701398","-2.3500001361754E-5"
"16.2878827217","107.470732671","0","0","11","364.798","0.0163627","270.219","1.45867754254","255","31.7962","27.2102","0.00838950013362","-1.45867754254","0.0318889107885","482.692","0.0240394687933","101.509","0","0.175445","0","0.0703252","0.214767","107.47073267128","16.28788272171","-2.3500001361754E-5"
"16.2885965595","107.532122766","0","0","11","411.969","0.0214349","86.1196","-0.388379749049","110.241","32.3799","22.8112","0.00907339398433","0.388379749049","0.050895671249","513.912","7.47964145295E-5","146.905","0","0.0829876","0","0.180887","0.227796","107.53212276565","16.288596559484","-2.3500001361754E-5"
"16.2885370729","107.584887313","0","0","14","170.994","0.00944509","18.3876","-2.56504588916","154.219","37.4485","27.2689","0.00487289115406","2.56504588916","0.0184083027614","543.264","0.0699813147564","53.6668","0","0.12435","0.0120744","0.0875052","0.00396801","107.584887313","16.288537072928","-2.3500001361754E-5"
"16.2775915529","107.550266155","0","0","11","146.528","0.559791","16.9793","5.14370799349","166.199","21.157","15.6888","0.141521281404","-5.14370799349","1.95150501779","524.121","0","28.8011","0","0.0881871","0","0.373951","0.250434","107.55026615536","16.277591552908","-2.3500001361754E-5"
"16.2707506026","107.532836603","0","0","11","318.401","0.0167279","261.848","2.61582058362","255","36.6868","27.337","0.00866074660945","-2.61582058362","0.032489442296","504.227","0","106.509","0","0.0543333","0","0.251404","0.340913","107.53283660343","16.270750602558","-2.3500001361754E-5"
"16.2764613083","107.516418323","0","0","11","337.804","0.022802","262.79","3.23763358771","232.679","22.5015","17.2681","0.00702243170325","-3.23763358771","0.0722775742221","492.467","0.00457138583815","116.588","0","0.256853","0","0.161737","0.249498","107.51641832295","16.276461308343","-2.3500001361754E-5"
"16.2683116547","107.566684437","0","0","14","117.563","0.0109791","285.946","-1.67722414197","242.046","25.2126","21.0361","0.0724231536076","1.67722414197","0.450913568894","531.811","0.000142008213833","24.9024","0","0.0610183","0.00045578","0.0307085","0.193927","107.56668443674","16.268311654659","-2.3500001361754E-5"
"16.2607568656","107.555679429","0","0","11","345.648","0.0981255","145.865","-1.93666808827","171.619","13.3786","4.98848","0.00854652667123","1.93666808827","1.07289599833","520.505","0.00328928177965","15.1918","0","0.0633142","0","0.383191","0.293953","107.55567942926","16.260756865637","-2.3500001361754E-5"
"16.2593291892","107.584232962","0","0","11","292.792","0.0623556","224.223","0.843416472879","233.321","40.9769","25.0838","0.0286297655165","-0.843416472879","0.127172346091","540.846","0","52.7039","0","0.0665054","0","0.119212","0.227249","107.58423296178","16.259329189191","-2.3500001361754E-5"
"16.2586153514","107.57638074","0","0","11","195.67","0.0122489","45.6457","1.20702346333","107.199","55.4386","35.1493","0.00886862984354","-1.20702346333","0.017785563241","534.474","0.0288885166778","59.3648","0","0.0583625","0","0.0262341","0.241103","107.57638073998","16.258615351417","-2.3500001361754E-5"
"16.2586153514","107.601365081","0","0","11","411.126","0.00956702","331.254","-2.28035266917","216.769","38.1963","26.4095","0.00493062982328","2.28035266917","0.0200105969739","539.401","0.00869631490699","249.909","0","0.104995","0","0.164053","0.252614","107.60136508093","16.258615351417","-2.3500001361754E-5"
"16.2643260572","107.540688825","0","0","11","319.022","0.00905571","282.889","0.512976009603","234.254","21.6966","17.7875","0.00294327209666","-0.512976009603","0.0287103330732","507.056","0","109.788","0","0.0615175","0","0.215509","0.364401","107.54068882523","16.264326057202","-2.3500001361754E-5"
"16.2436247465","107.504283072","0","0","11","133.583","0.022841","40.5596","4.64655742516","120.713","50.2816","30.7298","0.0133139770795","-4.64655742516","0.0374616237029","470.64","0.0249001333819","115.067","0","0.342662","0","0.0456407","0.338093","107.50428307181","16.243624746485","-2.3500001361754E-5"
"16.2479077767","107.564245489","0","0","11","481.774","0.120926","86.8722","7.30696114348","124.806","27.6891","18.2127","0.0388893696271","-7.30696114348","0.344422878046","522.739","0.00860800830027","18.849","0","0.0605848","0","0.397126","0.348511","107.56424548884","16.247907776723","-2.3500001361754E-5"
"16.2443385852","107.522129029","0","0","11","169.967","0.236017","260.841","4.28212898075","229.201","32.9437","25.8282","0.122901451489","-4.28212898075","0.423564992995","481.206","0.0113561740747","15.9758","0","0.220899","0","0.183605","0.468885","107.52212902873","16.244338585158","-2.3500001361754E-5"
"16.2450524229","107.598509727","0","0","11","414.611","0.0195264","97.4604","6.55334789508","73.7812","56.2176","36.3166","0.0144324687862","-6.55334789508","0.0263670921135","529.498","0.0121367562701","146.547","0","0.0746323","0","0.0708318","0.235954","107.59850972714","16.245052422931","-2.3500001361754E-5"
"16.2436247465","107.619211038","0","0","11","307.346","0.0132683","249.488","1.00161698366","200.169","29.0053","23.4453","0.00594340234547","-1.00161698366","0.032613913951","522.704","0","142.097","0","0.106835","0","0.229564","0.205564","107.61921103786","16.243624746485","-2.3500001361754E-5"
"16.2507631296","107.604220434","0","0","11","400.676","0.0241879","67.2413","1.32198350516","87.1493","51.0843","34.3668","0.0165032769751","-1.32198350516","0.0350499011971","533.696","0","119.616","0","0.09731","0","0.176608","0.281549","107.60422043383","16.250763129615","-2.3500001361754E-5"
"16.2529046447","107.592085183","0","0","11","366.448","0.0252538","239.025","5.68569207888","244.055","41.0492","25.2919","0.0115424716577","-5.68569207888","0.0516279639611","536.692","0","115.242","0","0.0725653","0","0.142206","0.281351","107.59208518269","16.252904644734","-2.3500001361754E-5"
"16.2457662616","107.584232962","0","0","11","535.355","0.00886197","321.475","-5.25287548724","188.586","30.8411","21.2699","0.00347134188764","5.25287548724","0.0229475731606","529.417","0.00312259615315","216.927","0","0.0514968","0","0.153423","0.274744","107.58423296178","16.245766261604","-2.3500001361754E-5"
"16.2329171718","107.472874186","0","0","11","409.715","0.0174183","234.461","-0.449927952378","251.294","45.6698","29.4854","0.00987074144456","0.449927952378","0.0305463734036","449.041","0","131.374","0","0.188137","0.0278816","0.138499","0.0819897","107.47287418639","16.23291717179","-2.3500001361754E-5"
"16.2393417171","107.550682561","0","0","11","424.675","0.0102994","354.474","-5.37317735604","190.293","46.5061","34.997","0.0072112397383","5.37317735604","0.0146356764912","507.862","0.00636268023069","89.8608","0","0.0540347","0","0.0374649","0.435518","107.55068256125","16.239341717147","-2.3500001361754E-5"
"16.2329171718","107.577094579","0","0","11","587.467","0.0258605","274.196","2.68158549485","253.912","31.9531","24.5791","0.0117587731977","-2.68158549485","0.055336893605","518.816","0.0101321392259","52.1921","0","0.0435146","0","0.43323","0.232901","107.57709457865","16.23291717179","-2.3500001361754E-5"
"16.2393417171","107.564245489","0","0","11","673.982","0.0313742","173.684","-0.384389052782","168.33","54.9632","38.5782","0.0249463212876","0.384389052782","0.0391358558028","516.056","0","207.834","0","0.0518392","0","0.226076","0.343985","107.56424548884","16.239341717147","-2.3500001361754E-5"
"16.2314894953","107.535691957","0","0","14","331.338","0.026075","304.652","3.20791148013","237.349","37.9634","22.9792","0.011062968818","-3.20791148013","0.0608920694681","494.698","0","57.0802","0","0.172404","0","0.218441","0.523784","107.53569195722","16.231489495344","-2.3500001361754E-5"
"16.2329171718","107.591371344","0","0","11","672.218","0.0409592","218.083","0.933112095763","218.24","29.9405","19.3011","0.0140774078361","-0.933112095763","0.11827704539","519.53","0.00894995921317","12.918","0","0.0579155","0.00223203","0.327635","0.157914","107.59137134401","16.23291717179","-2.3500001361754E-5"
"16.2279203038","107.507852263","0","0","11","322.762","0.0303421","28.0192","-0.186240958598","151.134","30.7378","21.3993","0.0121910137372","0.186240958598","0.0808253884767","483.104","0.00293440966264","40.9855","0","0.254218","0","0.345839","0.334425","107.50785226337","16.227920303779","-2.3500001361754E-5"
"16.2214957593","107.556393268","0","0","11","432.888","0.018234","297.772","1.65422527645","253.5","31.7724","28.2521","0.00979794836235","-1.65422527645","0.033614178544","503.52","0","77.287","0","0.0613306","0","0.393144","0.351153","107.55639326793","16.221495759322","-2.3500001361754E-5"
"16.2236372744","107.545685693","0","0","11","388.621","0.00835828","335.444","-0.285191140448","215.322","42.6409","28.3925","0.00451980952758","0.285191140448","0.0154247265033","500.576","0.00565974732309","93.0049","0","0.146711","0","0.0528501","0.435619","107.54568569324","16.223637274441","-2.3500001361754E-5"
"16.2279203038","107.602078919","0","0","11","376.16","0.0170899","90.0363","4.45934747497","114.642","36.3986","22.0488","0.00689272832931","-4.45934747497","0.0420606920132","513.293","0","76.0179","0","0.0601288","0.00798097","0.279576","0.0978065","107.60207891871","16.227920303779","-2.3500001361754E-5"
"16.2257787896","107.566387004","0","0","11","743.22","0.0234861","233.739","-2.21957150584","233.708","29.9704","21.5067","0.00926767299901","2.21957150584","0.0595043424593","511.92","0","65.4476","0","0.0426465","0","0.350832","0.282449","107.56638700396","16.22577878956","-2.3500001361754E-5"
"16.2200680829","107.626349421","0","0","11","205.216","0.0223095","43.7575","2.45688690837","162.967","17.0781","11.3187","0.00434785390305","-2.45688690837","0.126578254304","504.589","0.0917046779749","19.1717","0","0.137333","0.0261366","0.173395","0.0257311","107.62634942099","16.220068082876","-2.3500001361754E-5"
"16.2257787896","107.58066377","0","0","11","571.787","0.045019","201.755","1.85711736637","215.104","44.4802","31.3915","0.0274984068014","-1.85711736637","0.0722338777507","511.263","0.0162601626016","49.7237","0","0.0380571","0.00120896","0.158986","0.1793","107.58066377022","16.22577878956","-2.3500001361754E-5"
"16.2157850526","107.477871054","0","0","11","189.869","0.0495363","229.659","-2.43440288555","239.729","42.1407","26.0353","0.0773287112421","2.43440288555","0.267476303642","472.603","0.00294105317252","47.1213","0","0.132011","0.025297","0.0386727","0.126452","107.47787105441","16.215785052638","-2.3500001361754E-5"
"16.2107881846","107.497858526","0","0","11","218.01","1.15929","266.815","3.01867432919","251.992","29.3949","23.9069","0.455582682015","-3.01867432919","1.58998952274","482.239","0.0732887000188","23.1915","0","0.124108","0","0.0275566","0.281784","107.49785852645","16.210788184627","-2.3500001361754E-5"
"16.2157850526","107.513562969","0","0","11","308.599","0.188138","78.1523","-3.18102996037","104.872","28.4526","25.494","0.0909251271139","3.18102996037","0.399860879637","483.379","0.0129159762692","29.9008","0","0.246211","0","0.252532","0.38582","107.51356296916","16.215785052638","-2.3500001361754E-5"
"16.2143573762","107.568528519","0","0","11","685.375","0.065282","203.615","-0.270538495784","191.09","15.4302","8.6522","0.00982862708293","0.270538495784","0.42786370297","504.312","0","8.31246","0","0.0566025","0","0.200381","0.254367","107.56852851908","16.214357376192","-2.3500001361754E-5"
"16.2093605082","107.546399531","0","0","11","421.986","0.0123201","109.73","-3.24989982099","116.223","32.1194","23.5287","0.00555592630512","3.24989982099","0.0297112999854","496.672","0","169.874","0","0.144253","0","0.235266","0.428438","107.54639953101","16.209360508181","-2.3500001361754E-5"
"16.2129296997","107.579949932","0","0","11","512.579","0.0519482","235.709","-1.33045318804","191.586","11.0598","4.96213","0.00516258823858","1.33045318804","0.733217789546","505.643","0","38.3244","0","0.0647377","0.00242489","0.109612","0.16716","107.57994993154","16.212929699746","-2.3500001361754E-5"
"16.21721273","107.592085183","0","0","11","512.6","0.0099281","226.695","0.924285241958","224.458","28.7754","19.4957","0.00353810771554","-0.924285241958","0.0291894241306","508.056","0","184.027","0","0.0934865","0.0064117","0.199476","0.0727758","107.59208518269","16.217212729984","-2.3500001361754E-5"
"16.2122158611","107.603506595","0","0","11","342.957","0.0838708","127.549","-1.79070346734","146.994","19.3557","13.4518","0.0195442251223","1.79070346734","0.3487544112","506.659","0","57.7062","0","0.168591","0.0130342","0.26342","0.0090305","107.60350659515","16.212215861073","-2.3500001361754E-5"
"16.2086466704","107.615641846","0","0","11","359.265","0.00827172","323.332","-0.342075242165","207.153","13.634","14.5953","0.00215465009747","0.342075242165","0.031952389507","502.735","0.0289248402257","126.999","0","0.203429","0.0186593","0.341674","0.00180441","107.61564184629","16.208646670408","-2.3500001361754E-5"
"16.2129296997","107.628490936","0","0","11","335.582","0.0190799","162.853","-0.369913245844","170.262","14.0273","11.7361","0.00398401595212","0.369913245844","0.0911142138621","502.115","0.00162932497192","68.7914","0","0.207227","0.0237807","0.3799","0.0225989","107.62849093611","16.212929699746","-2.3500001361754E-5"
"16.2015082873","107.468591156","0","0","11","385.512","0.0106936","62.9148","-3.22002509391","116.958","37.364","24.2477","0.00486298294839","3.22002509391","0.0236228436652","481.932","0.0129068485879","132.975","0","0.0718322","0.0219483","0.265183","0.125869","107.46859115616","16.201508287278","-2.3500001361754E-5"
"16.2072189931","107.509993778","0","0","11","314.371","0.00968223","274.053","3.39957899677","199.665","14.6795","9.09932","0.00160396681784","-3.39957899677","0.0769366419243","487.838","0.00727144227836","34.9736","0","0.230485","0","0.27704","0.379364","107.50999377759","16.207218993062","-2.3500001361754E-5"
"16.2007944486","107.499286204","0","0","11","261.262","0.00835989","35.9293","2.38868349264","115.721","59.6371","38.3771","0.00673144167703","-2.38868349264","0.0108895774027","489.726","0","49.0991","0","0.132989","0","0.189005","0.330858","107.4992862038","16.200794448605","-2.3500001361754E-5"
"16.1981175554","107.590835966","0","0","11","142.267","5.59574","244.07","-1.66582311807","250.031","32.3851","26.4615","2.45757070817","1.66582311807","3.60107162453","497.89","0.233055409945","17.2539","0","0.164286","0.00545103","0.0123811","0.155321","107.59083596591","16.198117555381","-2.3500001361754E-5"
"16.1965114193","107.481440246","0","0","11","218.188","0.540108","139.835","1.45444507363","161.09","13.7186","13.1563","0.123910418696","-1.45444507363","2.07522344078","487.508","0","4.55036","0","0.103141","0","0.0877473","0.227082","107.48144024597","16.196511419267","-2.3500001361754E-5"
"16.195738094","107.539677554","0","0","11","222.669","0.0116086","342.079","-2.72781303808","202.472","36.1954","24.4437","0.00531193420439","2.72781303808","0.0254806577266","492.451","0.0243902439024","139.019","0","0.252577","0","0.0892825","0.503453","107.53967755378","16.195738094038","-2.3500001361754E-5"
"16.3694387478","107.634855994","0","0","14","22.3527","0.0144081","194.229","2.3679107273","179.603","12.9925","9.24587","0.00293066888311","-2.3679107273","0.196620843076","546.561","0.207091030924","5.57856","0","0.116489","0.0871414","0.0483687","0.0117914","107.63485599401","16.3694387478","-2.3500001361754E-5"
"16.3485589774","107.657044468","0","0","11","50.5148","0.074458","294.178","1.04523436659","214.197","15.4674","11.8679","0.016744457584","-1.04523436659","0.362999541197","544.461","0.198712738258","7.16644","0","0.0922286","0.0785432","0.210742","0.0857617","107.65704446773","16.348558977415","-2.3500001361754E-5"
"16.3399929178","107.639198511","0","0","4","42.0077","0.628569","175.14","-1.77611332234","175.14","23.1594","18.6671","0.211524303063","1.77611332234","1.31697175892","540.86","0.197609725211","5.36439","0","0.239978","0.112356","0.0364292","0.0199221","107.6391985108","16.339992917839","-2.3500001361754E-5"
"16.3207192836","107.640626187","0","0","4","187.718","0.00912435","320.675","0.619681583762","190.731","17.6506","15.2613","0.00259728201822","-0.619681583762","0.0351640818879","537.594","0.000804204057914","81.1752","0","0.256191","0.10434","0.284892","0.0507241","107.64062618725","16.320719283568","-2.3500001361754E-5"
"16.3085840324","107.653475277","0","0","14","163.424","0.0209989","236.752","-2.30210408698","235.083","33.079","21.6551","0.00844716360515","2.30210408698","0.0530317598228","529.06","0.0466550295603","91.2936","0","0.16666","0.0689793","0.423173","0.018266","107.65347527706","16.308584032427","-2.3500001361754E-5"
"16.232203334","107.631346289","0","0","11","199.868","0.115529","208.255","-4.46217492047","211.856","33.7907","22.3336","0.0472501723808","4.46217492047","0.267632348476","511.06","0.000722195030008","43.6416","0","0.147627","0.0225883","0.148821","0.0853308","107.631346289","16.232203334017","-2.3500001361754E-5"
"16.2129296997","107.642767702","0","0","11","241.8","0.012152","85.5179","7.07619495938","44.9333","69.346","48.7451","0.0139438248494","-7.07619495938","0.0105814371719","500.546","0.0735216050558","135.497","0","0.250763","0.0225584","0.208527","0.0599036","107.64276770237","16.212929699746","-2.3500001361754E-5"
"16.37657713","107.511124022","0","0","11","69.5896","0.0166651","43.2609","2.63556381526","154.405","19.6344","13.4918","0.00653458802738","-2.63556381526","0.1633936989","556.861","0.1289381999","20.73","0","0.261962","0.121537","0.339755","0.0625871","107.51112402216","16.376577130031","-2.3500001361754E-5"
"16.3564111983","107.662755174","0","0","4","63","0.723084","117.848","0.293165750069","177.244","5.8504","1.31851","0.0146234593406","-0.293165750069","25.8250429454","545.799","0.179460938176","3.82308","0","0.104087","0.0507881","0.26033","0.0681217","107.66275517441","16.356411198318","-2.3500001361754E-5"
"16.3535558454","107.673462749","0","0","4","54.7326","0.114672","211.341","-1.49245936604","199.822","17.2029","11.8789","0.0235914076928","1.49245936604","0.57203161165","545.348","0.177609620173","5.54156","0","0.155809","0.0618334","0.139416","0.00762332","107.67346274911","16.353555845426","-2.3500001361754E-5"
"16.312153224","107.665610528","0","0","14","125.615","0.0330113","139.605","1.55528123617","154.468","25.2922","17.3427","0.0108040630794","-1.55528123617","0.146892998984","528.279","0.0373900636948","65.4224","0","0.0850853","0.081574","0.39749","0.0430167","107.6656105282","16.312153223992","-2.3500001361754E-5"
"16.2659321933","107.806177186","0","0","11","221.435","0.008682","303.754","-3.14995168773","241.265","32.4442","24.3484","0.00400159740607","3.14995168773","0.0194037599242","531.99","0","80.7902","0","0.236887","0.0588661","0.216247","0.0532456","107.80617718643","16.265932193316","-2.3500001361754E-5"
"16.2529046447","107.76554789","0","0","14","114.253","0.0142869","36.4419","3.29547081034","135.231","37.4937","25.6597","0.00691791915107","-3.29547081034","0.0300912127054","515.753","0.269841465379","83.3722","0","0.308547","0.0439785","0.0541052","0.0344895","107.76554789022","16.252904644734","-2.3500001361754E-5"
"16.2571876741","107.73628052","0","0","11","211.606","0.023019","308.811","0.14288249355","236.55","34.4972","23.5958","0.0101034949003","-0.14288249355","0.0528890574318","515.649","0","51.857","0","0.0965552","0.0344239","0.148888","0.0771211","107.73628051993","16.257187674072","-2.3500001361754E-5"
"16.2479077767","107.814088895","0","0","11","282.212","0.0107172","29.6038","-0.741721434562","146.865","34.1085","22.2231","0.00438299488386","0.741721434562","0.0260986170844","523.76","0.0750175845628","55.4851","0","0.228131","0.00167647","0.0291027","0.187232","107.81408889479","16.247907776723","-2.3500001361754E-5"
"16.2464801003","107.749129609","0","0","11","646.754","0.0926932","48.422","1.87175812103","106.918","54.2456","32.9928","0.0645300784655","-1.87175812103","0.145667223524","514.468","0.0228313984569","82.9511","0","0.0971306","0.0125823","0.128788","0.121569","107.74912960884","16.246480100276","-2.3500001361754E-5"
"16.2479077767","107.735566681","0","0","11","526.599","0.0168065","11.439","-3.55431297753","163.477","43.4074","28.5094","0.00913222021483","3.55431297753","0.0308110929736","514.006","0.0103284790036","127.837","0","0.110892","0.0200921","0.0499958","0.105117","107.73556668126","16.247907776723","-2.3500001361754E-5"
"16.2443385852","107.718434562","0","0","11","289.936","0.00857873","30.7557","1.61093166851","128.797","50.6107","33.8913","0.00581382678936","-1.61093166851","0.0129643129568","513.165","0.00193879207551","143.581","0","0.124985","0.0972268","0.0751432","0.0459052","107.71843456211","16.244338585158","-2.3500001361754E-5"
"16.2314894953","107.771972435","0","0","11","667.457","0.0312344","114.075","3.7042422506","97.7638","46.8249","29.9989","0.0181199066922","-3.7042422506","0.0533525182459","505.242","0.0187352762239","188.947","0","0.185261","0.00155804","0.186766","0.142805","107.77197243468","16.231489495344","-2.3500001361754E-5"
"16.2400555549","107.728428298","0","0","11","629.708","0.0570165","264.484","1.42563638008","254.94","32.4545","25.6124","0.0264361179298","-1.42563638008","0.112166921585","506.752","0.00298132438686","36.2106","0","0.107192","0.0517914","0.109015","0.0870487","107.72842829813","16.24005555492","-2.3500001361754E-5"
"16.2357725256","107.746988095","0","0","11","1033.49","0.0392914","176.124","3.66457222532","175.804","26.5156","22.0513","0.0159384190422","-3.66457222532","0.0951504215704","506.146","0","115.557","0","0.0831624","0.000822303","0.28304","0.169178","107.74698809462","16.235772525582","-2.3500001361754E-5"
"16.2379140407","107.781252333","0","0","14","260.042","0.010731","28.3479","-3.15827913881","157.163","23.215","15.9798","0.00304466811509","3.15827913881","0.038547171201","517.313","0.0264390489876","100.512","0","0.353619","0.0132437","0.0699599","0.120735","107.78125233293","16.2379140407","-2.3500001361754E-5"
"16.2379140407","107.756981831","0","0","11","760.731","0.0390551","24.3152","4.16665411457","144.313","47.1106","29.0588","0.0217236403231","-4.16665411457","0.0689738385775","506.635","0.0116321638281","95.3631","0","0.079272","0.00200802","0.0283458","0.10122","107.75698183065","16.2379140407","-2.3500001361754E-5"
"16.2373786617","107.697911711","0","0","14","166.387","0.0118775","88.1182","-2.73726310896","154.464","10.3297","12.4335","0.00263673020119","2.73726310896","0.0543373877975","493.933","0.00301750352372","42.5542","0","0.117507","0.114764","0.0664831","0.0108894","107.69791171106","16.237378661696","-2.3500001361754E-5"
"16.2361889315","107.684824675","0","0","11","128.478","0.208981","148.77","0.584603021065","155.663","28.6375","21.9737","0.0980478940065","-0.584603021065","0.466826624552","501.222","0.0494660717327","6.51661","0","0.27041","0.110666","0.195383","0.00301194","107.68482467502","16.236188931474","-2.3500001361754E-5"
"16.2311920626","107.690178462","0","0","11","104.961","3.7004","276.612","0.973560749209","203.405","7.51544","7.22082","0.428965844062","-0.973560749209","12.3169985573","500.501","0.30911199902","11.4626","0","0.234255","0.112857","0.00760046","0.0422858","107.69017846237","16.231192062564","-2.3500001361754E-5"
"16.2229234358","107.732711328","0","0","11","296.45","1.06995","214.506","1.74855631153","201.3","24.9634","11.7504","0.267306853211","-1.74855631153","5.16458083923","503.554","0.039778993256","23.386","0","0.150086","0.0625542","0.00901704","0.102511","107.73271132837","16.222923435768","-2.3500001361754E-5"
"16.2257787896","107.76126486","0","0","11","698.479","0.0758516","209.883","3.6544400291","213.593","33.093","21.5697","0.0292495199422","-3.6544400291","0.18574042076","504.075","0","32.95","0","0.0751386","0.000822303","0.294955","0.180706","107.76126485999","16.22577878956","-2.3500001361754E-5"
"16.2186404064","107.772686273","0","0","11","657.653","0.0236028","85.4231","2.70554021718","156.072","16.2722","8.58992","0.00383743116907","-2.70554021718","0.195438749703","499.419","0","10.6008","0","0.0990754","0","0.242812","0.223992","107.77268627335","16.21864040643","-2.3500001361754E-5"
"16.2200680829","107.785535362","0","0","11","500.026","0.0115282","33.3604","2.44803401955","111.545","75.9339","44.0803","0.0111388087291","-2.44803401955","0.0118850840705","499.953","0.0229291577433","304.854","0","0.189334","0.0114513","0.206448","0.158437","107.78553536227","16.220068082876","-2.3500001361754E-5"
"16.2286341425","107.751271124","0","0","11","726.704","0.172898","167.303","-2.80540344817","151.455","74.1488","45.232","0.17376489153","2.80540344817","0.158340583374","504.714","0","77.3154","0","0.0831344","0.000822303","0.160571","0.187503","107.75127112396","16.228634142452","-2.3500001361754E-5"
"16.220722435","107.702670633","0","0","11","111.764","0.0103146","266.113","0.698264408931","226.755","18.3396","15.6889","0.00288645598123","-0.698264408931","0.0368838895672","487.64","0.275052577529","48.1494","0","0.184502","0.105575","0.0564287","0.0995168","107.70267063284","16.220722434992","-2.3500001361754E-5"
"16.2278608172","107.803797726","0","0","11","212.202","0.0349418","263.904","3.33327842868","255","41.6924","31.4271","0.0210490641599","-3.33327842868","0.0563177908215","511.294","0.0268971082035","133.028","0","0.331616","0.00570242","0.165694","0.0947342","107.80379772598","16.227860817223","-2.3500001361754E-5"
"16.2183429736","107.813672489","0","0","11","436.189","0.0680776","254.664","-0.333772825887","252.6","46.0891","31.2459","0.0415169691286","0.333772825887","0.109300895836","503.655","0.0239668664909","57.3399","0","0.252553","0.0087604","0.140137","0.0633075","107.81367248889","16.218342973649","-2.3500001361754E-5"
"16.2072189931","107.77411395","0","0","11","785.995","0.0129742","277.069","-3.57991775331","255","40.7082","31.6264","0.00811102548406","3.57991775331","0.0210629483287","496.682","0.0108394422188","178.039","0","0.0793913","0.0116613","0.405221","0.139651","107.7741139498","16.207218993062","-2.3500001361754E-5"
"16.2129296997","107.751271124","0","0","11","218.155","1.52137","160.786","-1.39172431196","165.912","15.018","12.9953","0.350698859781","1.39172431196","4.01656480233","494.866","0.0764812301021","35.2865","0","0.0981665","0.0055541","0.0562025","0.107205","107.75127112396","16.212929699746","-2.3500001361754E-5"
"16.2122158611","107.764120214","0","0","11","366.371","0.168148","188.99","3.16556004714","188.386","22.6602","16.8603","0.0507601493961","-3.16556004714","0.514751042472","494.148","0","30.0653","0","0.0704521","0.00255539","0.251961","0.160991","107.76412021378","16.212215861073","-2.3500001361754E-5"
"16.2123943207","107.716947399","0","0","14","229.556","0.015048","194.035","-0.83324278075","182.431","21.2977","8.8345","0.00241937124917","0.83324278075","0.11510048337","496.513","0.148059976543","90.0208","0","0.223124","0.112228","0.135049","0.0298284","107.7169473991","16.212394320741","-2.3500001361754E-5"
"16.1943699041","107.750557285","0","0","11","420.231","0.0258819","135.634","1.1665943483","178.044","38.8559","31.4288","0.0155051313684","-1.1665943483","0.0432309519259","490.708","0.0132633712492","69.0021","0","0.161299","0.0425697","0.329166","0.036553","107.75055728529","16.194369904148","-2.3500001361754E-5"
"16.1969278243","107.702670633","0","0","14","75.0157","0.199498","282.283","2.15699677966","198.916","9.46056","6.7675","0.022209065006","-2.15699677966","1.8556637234","487.233","0.0534649396926","6.82334","0","0.421351","0.128693","0.197806","0.0493361","107.70267063284","16.19692782426","-2.3500001361754E-5"
"16.2750336319","107.821941116","0","0","11","495.767","0.00923392","325.166","-2.14377279473","220.912","35.9865","23.9308","0.00417141468069","2.14377279473","0.0210294355629","531.611","0.0109437016475","253.924","0","0.147172","0.0925296","0.422991","0.0720603","107.82194111569","16.275033631897","-2.3500001361754E-5"
"16.2586153514","107.829079499","0","0","11","366.709","0.0594398","198.796","0.418233903493","198.984","25.1309","18.4968","0.0261810929557","-0.418233903493","0.225360639392","525.337","0","17.4981","0","0.0772856","0.00420108","0.152781","0.179778","107.82907949882","16.258615351417","-2.3500001361754E-5"
"16.2564738363","107.846925457","0","0","11","291.457","0.0344805","77.3786","-3.96954251634","95.4693","41.5707","30.2222","0.0202808410835","3.96954251634","0.0590001732746","524.912","0.0110900211502","115.739","0","0.107734","0.0486556","0.132723","0.0901932","107.84692545664","16.256473836299","-2.3500001361754E-5"
"16.2407693936","107.839073235","0","0","11","687.143","0.023714","93.3689","2.34515656426","89.5213","36.1896","30.2171","0.0138551588683","-2.34515656426","0.040467450708","515.294","0.0201272736383","103.697","0","0.158763","0.0174575","0.0795082","0.140694","107.83907323484","16.240769393593","-2.3500001361754E-5"
"16.2386278785","107.851922325","0","0","11","735.174","0.00826018","51.0022","-2.01258407685","105.707","51.7673","32.3436","0.00536120487664","2.01258407685","0.0135106158019","517.175","0","262.171","0","0.171007","0.0680589","0.147011","0.0549115","107.85192232466","16.238627878474","-2.3500001361754E-5"
"16.2122158611","107.849066972","0","0","11","519.933","0.113263","342.484","0.512345959413","192.392","23.5071","12.9728","0.0263866425425","-0.512345959413","0.471127018012","507.316","0.000976115577996","17.5287","0","0.148199","0.081876","0.0328726","0.0706639","107.84906697176","16.212215861073","-2.3500001361754E-5"
"16.2129296997","107.825510307","0","0","11","416.685","0.0327113","31.2036","2.3611747991","127.043","55.2234","35.0115","0.0230796694455","-2.3611747991","0.0457603568791","502.89","0.019687766746","64.1229","0","0.179696","0.0184018","0.0240576","0.141125","107.82551030725","16.212929699746","-2.3500001361754E-5"
"16.1943699041","107.844783942","0","0","11","1107.04","0.0214419","272.232","-3.52381048451","255","52.2957","36.6282","0.0159044578695","3.52381048451","0.0287672832099","503.43","0.0232238567542","411.885","0","0.110413","0.0603211","0.0283435","0.0131268","107.84478394153","16.194369904148","-2.3500001361754E-5"
"16.1957975806","107.830507175","0","0","11","1101.11","0.00902784","258.253","-5.96357993541","202.415","27.6996","12.6766","0.00207290056305","5.96357993541","0.04631412965","499.005","0","403.082","0","0.0947023","0.0341383","0.164127","0.1048","107.83050717527","16.195797580594","-2.3500001361754E-5"
"16.1993667722","107.817658086","0","0","11","568.195","0.0191356","247.652","1.60417611366","254.987","48.2033","32.9935","0.0124644796301","-1.60417611366","0.029364879181","499.376","0","250.926","0","0.133013","0.0107249","0.191051","0.109208","107.81765808635","16.199366772159","-2.3500001361754E-5"
"16.3277981801","107.937047542","0","0","11","236.871","0.0491402","239.54","-2.2441861474","255","45.2049","30.294","0.0286990017884","2.2441861474","0.0822021409423","537.495","0","101.164","0","0.346403","0.0435551","0.173251","0.081352","107.93704754231","16.327798180142","-2.3500001361754E-5"
"16.3087624921","107.951324308","0","0","11","286.806","0.0285854","109.642","6.17092437784","101.368","47.9216","27.6872","0.0154095883315","-6.17092437784","0.0552591486912","536.357","0.0146341463415","59.4487","0","0.586834","0.0190664","0.13087","0.0947282","107.95132430767","16.308762492095","-2.3500001361754E-5"
"16.3040035694","107.937047542","0","0","11","410.268","0.0156269","207.913","-3.63157791467","224.347","49.8432","32.0503","0.00978250184227","3.63157791467","0.0247658531066","535.87","0.0263982824237","194.741","0","0.327991","0.0496867","0.108786","0.0914386","107.93704754231","16.304003569409","-2.3500001361754E-5"
"16.2956754561","107.922770776","0","0","14","106.163","0.0244431","252.11","0.578224571119","255","42.8438","32.0911","0.0153254506546","-0.578224571119","0.0384843518228","535.257","0.173319126257","72.2833","0","0.177538","0.123184","0.24448","0.0194626","107.92277077605","16.295675456057","-2.3500001361754E-5"
"16.251655428","107.913252932","0","0","14","214.008","0.00909688","178.943","-1.85470669397","180.091","7.30315","4.19584","0.000670489640174","1.85470669397","0.125534175499","529.103","0.139890708608","121.76","0","0.135094","0.0883835","0.110448","0.0600806","107.91325293158","16.251655427956","-2.3500001361754E-5"
"16.2450524229","107.968277968","0","0","11","332.374","0.0872691","44.6482","-3.29785165508","147.459","23.8393","15.1723","0.0232398607123","3.29785165508","0.308231034951","534.72","0.0684292193389","48.5691","0","0.284932","0.0614343","0.0261425","0.0897951","107.96827796805","16.245052422931","-2.3500001361754E-5"
"16.232203334","107.905460197","0","0","11","205.972","0.0660275","255.918","3.26788082324","236.244","26.237","18.9048","0.0242014709193","-3.26788082324","0.183048047275","520.768","0.0165390494711","10.3857","0","0.159133","0.0117991","0.0569776","0.0838033","107.90546019723","16.232203334017","-2.3500001361754E-5"
"16.2343448491","107.920450801","0","0","14","132.172","0.017213","44.9967","3.365753665","120.038","44.2469","28.34","0.00972275733701","-3.365753665","0.0332013881279","524.797","0.207759953086","48.0238","0","0.183945","0.0314904","0.249855","0.0816918","107.92045080126","16.234344849136","-2.3500001361754E-5"
"16.2357725256","107.981127057","0","0","11","409.423","0.0159094","315.528","0.592094109555","223.348","32.1376","20.2666","0.00579475941538","-0.592094109555","0.0429884390927","527.051","0.0364846473107","116.57","0","0.170558","0.0230971","0.0849624","0.0633507","107.98112705697","16.235772525582","-2.3500001361754E-5"
"16.2279203038","107.944007466","0","0","11","161.566","0.0226082","258.339","0.754218029474","236","24.5203","18","0.00712667854107","-0.754218029474","0.0667748380134","526.439","0","68.7134","0","0.254752","0.0288675","0.0846599","0.0491232","107.94400746577","16.227920303779","-2.3500001361754E-5"
"16.2364863634","107.994689985","0","0","14","244.533","0.0639595","281.197","3.40578749455","246.628","31.4182","22.4316","0.0264977639472","-3.40578749455","0.150937947921","532.11","0","31.5383","0","0.114493","0.0198553","0.124532","0.0701157","107.99468998456","16.236486363355","-2.3500001361754E-5"
"16.2154900588","107.911445784","0","0","11","689.843","0.0111148","89.2966","-6.61731120577","131.948","26.3264","16.9687","0.00334264612706","6.61731120577","0.0413632270782","511.892","0","155.095","0","-9999","-9999","-9999","-9999","107.9114457844","16.215490058819","-2.3500001361754E-5"
"16.2200680829","107.897607975","0","0","11","451.451","0.0294336","252.188","1.41301058094","255","50.0772","34.4579","0.0201821399928","-1.41301058094","0.0423361305826","510.154","0.00205735139018","217.99","0","0.171997","0.0115974","0.13888","0.126226","107.89760797543","16.220068082876","-2.3500001361754E-5"
"16.2229234358","107.971133321","0","0","11","394.123","0.0705936","266.558","-0.962702234201","255","45.2125","33.7333","0.0471022610386","0.962702234201","0.102337208518","524.765","0.0326722213199","173.853","0","0.143809","0.00152937","0.180999","0.178928","107.97113332095","16.222923435768","-2.3500001361754E-5"
"16.2207819215","107.984696249","0","0","11","1028.07","0.0133473","23.9115","7.2331890292","131.183","81.1635","42.9079","0.0124095081975","-7.2331890292","0.0142720243319","521.258","0.0155026878025","396.638","0","0.101543","0.00346763","0.104283","0.183692","107.98469624853","16.220781921549","-2.3500001361754E-5"
"16.2193542442","107.951145849","0","0","11","354.512","0.0109303","13.7159","1.13172536258","163.033","32.1712","23.8727","0.00482217370381","-1.13172536258","0.0248107499272","521.718","0.0162601626016","47.3786","0","0.212033","0.00753067","0.0776201","0.102386","107.9511458489","16.219354244203","-2.3500001361754E-5"
"16.2136435384","107.859774546","0","0","11","621.316","0.178272","271.628","-3.28697339394","247.787","31.6835","22.4234","0.0768693697061","3.28697339394","0.393540033843","508.11","0.0786401159784","36.8935","0","0.141902","0.0985338","0.0286518","0.0151013","107.85977454556","16.213643538419","-2.3500001361754E-5"
"16.2136435384","107.886186563","0","0","11","241.975","0.0457158","259.732","2.18480129753","255","42.4626","31.0241","0.0276480549817","-2.18480129753","0.0752057648458","506.937","0","18.3952","0","0.15155","0.0243937","0.153126","0.10127","107.88618656296","16.213643538419","-2.3500001361754E-5"
"16.2107881846","107.934013729","0","0","11","427.601","0.0253047","39.1133","3.22382910213","112.55","60.5702","36.3941","0.019187202481","-3.22382910213","0.0348301549081","517.122","0.0134039404805","115.103","0","0.147157","0.00570967","0.0840154","0.0999075","107.93401372885","16.210788184627","-2.3500001361754E-5"
"16.2057913166","107.954001202","0","0","11","591.165","0.0180142","288.675","-2.55719242135","249.655","36.429","25.7428","0.00883310949982","2.55719242135","0.0369078479617","521.255","0","148.468","0","0.12316","0.00110797","0.0883425","0.180864","107.95400120179","16.205791316616","-2.3500001361754E-5"
"16.2093605082","107.961853423","0","0","11","588.901","0.0642946","274.634","0.626406386539","246.701","36.6492","28.6375","0.0365067356298","-0.626406386539","0.107134052645","522.111","0.0692461390491","18.4402","0","0.123781","0","0.00236795","0.210476","107.9618534227","16.209360508181","-2.3500001361754E-5"
"16.2086466704","107.968991806","0","0","11","786.934","0.0116119","14.9088","1.63891445631","150.94","55.7282","38.9617","0.00946646307486","-1.63891445631","0.0144122528058","522.616","0","359.156","0","0.0908039","0","0.151314","0.262159","107.96899180583","16.208646670408","-2.3500001361754E-5"
"16.2107881846","107.941865951","0","0","11","285.683","0.333916","312.995","2.83278702408","219.083","27.2551","17.1687","0.101617896904","-2.83278702408","0.956177936837","518.097","0.0436028497036","12.2256","0","0.14596","0.00499674","0.000914235","0.0980075","107.94186595065","16.210788184627","-2.3500001361754E-5"
"16.197225257","107.860488384","0","0","11","1406.84","0.0108892","198.102","-0.0301345248907","194.058","21.0247","15.9924","0.00315424211231","0.0301345248907","0.0388322731478","504.93","0.0629126535501","117.818","0","0.108003","0.069118","0.123852","0.014227","107.86048838423","16.19722525704","-2.3500001361754E-5"
"16.2885370729","108.032225983","0","0","14","7.18722","0.023334","225.888","1.7796574213","219.472","24.0603","18.0571","0.00828114255539","-1.7796574213","0.081207522372","536.696","0.365742056845","6.72612","0","0.367249","0.165283","0.0430484","0.0472669","108.03222598254","16.288537072928","-2.3500001361754E-5"
"16.2742603076","108.040554096","0","0","14","272.13","0.0120457","207.493","0.115797806141","206.493","28.0781","18.2384","0.00398873554801","-0.115797806141","0.0365202651099","532.206","0.218303265742","217.741","0","0.400051","0.141505","0.243649","0.0533392","108.04055409589","16.274260307567","-2.3500001361754E-5"
"16.2607568656","108.004683721","0","0","14","107.437","0.109207","198.637","-0.678146158675","175.722","21.732","16.186","0.0294815258307","0.678146158675","0.343810895122","535.758","0.254855016185","47.3642","0","0.192453","0.164894","0.085993","0.073273","108.00468372148","16.260756865637","-2.3500001361754E-5"
"16.2543323212","108.018960487","0","0","14","426.586","0.0109498","138.37","1.85449620574","141.245","23.849","19.6729","0.00392283223514","-1.85449620574","0.0305112138431","532.004","0.0211963163823","227.578","0","0.137826","0.117538","0.22835","0.059933","108.01896048684","16.25433232118","-2.3500001361754E-5"
"16.2521908061","107.998259176","0","0","4","226.633","0.0352075","210.118","-1.29582404253","199.558","24.7114","12.3867","0.00803241484921","1.29582404253","0.17851291992","535.854","0.0731707317073","86.2198","0","0.198024","0.110381","0.0961795","0.0632832","107.99825917612","16.252190806061","-2.3500001361754E-5"
"16.2507631296","108.011108266","0","0","11","433.539","0.0255081","25.4196","1.86398758601","162.909","20.8302","12.5924","0.00563631725839","-1.86398758601","0.117300719003","532.106","0.0115504516897","170.302","0","0.113798","0.0967796","0.202331","0.12464","108.01110826593","16.250763129615","-2.3500001361754E-5"
"16.2414832323","108.008252913","0","0","11","465.583","0.0928206","289.991","0.547665947035","251.191","36.8954","26.2363","0.0460490176101","-0.547665947035","0.177850332685","532.173","0","112.256","0","0.0952779","0.0113619","0.133586","0.149565","108.00825291304","16.241483232265","-2.3500001361754E-5"
"16.232203334","108.020388164","0","0","11","576.126","0.0819676","179.823","-1.12795780583","180.646","37.2954","33.2356","0.0540920894612","1.12795780583","0.119843355719","532.159","0.121251956028","49.9305","0","0.206222","0.0207084","0.028186","0.139762","108.02038816418","16.232203334017","-2.3500001361754E-5"
"16.2150712149","108.004683721","0","0","11","748.616","0.2493","301.979","7.73758486278","255","55.1415","33.359","0.163996798403","-7.73758486278","0.339723863943","524.684","0.0470652640081","93.2757","0","0.0961504","0","0.0441562","0.256784","108.00468372148","16.215071214865","-2.3500001361754E-5"
"16.2164988913","108.020388164","0","0","14","480.55","0.0446038","151.749","1.96943167429","129.083","63.9438","37.5493","0.0337774088359","-1.96943167429","0.0557997682043","525.007","0.00962562534567","285.804","0","0.161379","0.0138873","0.147642","0.181371","108.02038816418","16.216498891311","-2.3500001361754E-5"
"16.2243511122","108.008966751","0","0","11","1005.79","0.0151449","260.336","3.3858240019","255","49.8403","38.3168","0.011997715723","-3.3858240019","0.0189884607223","524.88","0.0394806941324","209.643","0","0.10193","0","0.163829","0.216644","108.00896675082","16.224351112214","-2.3500001361754E-5"
"16.2236372744","107.999686853","0","0","11","373.457","2.18151","302.71","1.8789262157","225.601","22.1712","16.8982","0.706407112233","-1.8789262157","4.58937187175","524.667","0.0594541422481","11.9097","0","0.0861983","0.0011469","0.0195218","0.178","107.99968685257","16.223637274441","-2.3500001361754E-5"
"16.2043636402","108.016105134","0","0","11","691.156","0.0420403","77.4413","-0.375625013012","100.193","41.5358","27.5481","0.0232834576557","0.375625013012","0.081856655375","524.79","0.0601635731975","248.531","0","0.104128","0","0.0615797","0.258827","108.01610513394","16.20436364017","-2.3500001361754E-5"
"16.2079328317","108.029668062","0","0","14","367.795","0.0198066","21.2884","1.039238212","147.117","48.4525","30.1028","0.0114690134915","-1.039238212","0.0339558427474","520.944","0","273.882","0","0.211345","0.0157344","0.133912","0.161159","108.02966806153","16.207932831735","-2.3500001361754E-5"
"16.1993667722","108.038234121","0","0","14","612.973","0.092805","289.385","-3.33513354294","255","64.0194","41.5051","0.0816293589051","3.33513354294","0.102153882875","521.113","0.00381053132007","50.2423","0","0.172055","0.0117747","0.185791","0.186508","108.03823412111","16.199366772159","-2.3500001361754E-5"
"16.2065051553","108.096055024","0","0","14","548.069","0.012525","155.946","1.81387002581","176.784","42.6409","31.2923","0.00779011745672","-1.81387002581","0.0209931848949","523.514","0.0759979640145","220.619","0","0.349759","0.149016","0.073391","0.0949847","108.09605502392","16.206505155289","-2.3500001361754E-5"
"16.2100743469","108.081064419","0","0","14","306.836","0.0177783","227.881","-1.29608854764","215.256","25.3267","16.6225","0.00562345206605","1.29608854764","0.0697900118417","523.758","0.0643194279715","203.548","0","0.375857","0.108103","0.257678","0.0915744","108.08106441899","16.210074346854","-2.3500001361754E-5"
"16.2029359637","108.13531613","0","0","14","389.201","0.0132467","47.4697","2.03065828244","100.138","59.7998","37.4163","0.0101134434455","-2.03065828244","0.0172616740484","520.789","0.0298391237813","148.4","0","0.446215","0.126888","0.153392","0.019361","108.13531613024","16.202935963724","-2.3500001361754E-5"
"16.2000806099","108.056793917","0","0","11","442.446","0.0276309","266.352","-3.49047297999","255","47.164","37.0235","0.0208417139389","3.49047297999","0.0361464634928","521.578","0.0306397114006","274.216","0","0.245942","0.0156646","0.151153","0.128962","108.05679391671","16.200080609932","-2.3500001361754E-5"
"16.2007944486","108.071070683","0","0","14","274.793","0.0231094","342.759","4.64483861256","207.658","42.6672","30.8372","0.0137962959125","-4.64483861256","0.0382790109145","524.084","0.0585637631001","56.2213","0","0.241158","0.0359899","0.178188","0.148313","108.07107068297","16.200794448605","-2.3500001361754E-5"
"16.1950837419","108.095341185","0","0","11","743.671","0.0418369","261.528","1.65960569142","255","43.8449","34.3836","0.0286831959387","-1.65960569142","0.0598364001049","522.444","0.0796641944983","184.707","0","0.0980884","0.0745436","0.231655","0.112393","108.09534118525","16.195083741921","-2.3500001361754E-5"
"16.1986529335","108.10176573","0","0","11","712.281","0.0115925","59.2602","-0.955159586801","112.65","41.2144","25.8859","0.00595168851552","0.955159586801","0.0254653657716","522.194","0.136454024077","300.478","0","0.22542","0.125253","0.120047","0.0821986","108.1017657297","16.198652933486","-2.3500001361754E-5"
"16.1957975806","108.11461482","0","0","14","500.581","0.0831885","315.09","-5.45271696781","254.17","70.9221","40.4743","0.073033215963","5.45271696781","0.0952926529204","521.835","0.0519899405671","126.101","0","0.22712","0.149588","0.135878","0.0272233","108.11461481952","16.195797580594","-2.3500001361754E-5"
"16.1943699041","108.123180879","0","0","14","321.827","0.173674","16.0682","0.547390357712","156.821","39.0965","27.409","0.090092009007","-0.547390357712","0.309670967919","521.536","0.158890979776","58.2524","0","0.235542","0.148098","0.013879","0.00429508","108.12318087909","16.194369904148","-2.3500001361754E-5"
"16.5577135997","107.174489776","0","0","11","177.795","0.0186629","324.308","2.2190264084","197.521","15.14","10.2351","0.00511294147218","-2.2190264084","0.165522564715","606.905","0.037132951412","77.0995","0","0.281844","0.00540799","0.0657233","0.110692","107.17448977588","16.557713599703","-2.3500001361754E-5"
"16.5505752166","107.211609368","0","0","11","265.099","0.00949376","295.242","-1.12473790048","247.423","34.6288","24.3768","0.00455962932561","1.12473790048","0.0214717913003","605.935","0.000614054211543","87.6203","0","0.25107","0","0.303321","0.317074","107.21160936798","16.550575216573","-2.3500001361754E-5"
"16.556999761","107.203043308","0","0","11","65.4434","0.839054","141.225","-0.274464224263","167.272","9.91668","6.78724","0.100611610393","0.274464224263","4.95829513546","602.962","0.540289100485","4.79781","0","0.28059","0","0.028565","0.234126","107.2030433084","16.55699976103","-2.3500001361754E-5"
"16.5526572451","107.157774063","0","0","11","173.303","0.0082357","75.9781","-1.17606353486","151.417","11.1343","9.92213","0.00144357039459","1.17606353486","0.0489664022618","610.072","0.0624903100417","38.3496","0","0.194515","0.000155387","0.14188","0.201072","107.15777406262","16.552657245136","-2.3500001361754E-5"
"16.5552746518","107.132670749","0","0","20","169.016","0.0120639","196.573","2.40064238471","193.179","21.4303","13.8607","0.00333225846525","-2.40064238471","0.0455943842935","613.225","0.0964681352624","8.41747","0","0.0766569","0","0.0248284","0.351538","107.13267074856","16.555274651804","-2.3500001361754E-5"
"16.5427229948","107.172348262","0","0","11","82.5314","43.3487","114.101","1.08462992474","95.6821","32.1595","31.081","26.1952763615","-1.08462992474","6.31933410848","611.904","0.618278878649","7.32964","0","0.279064","0","0.00378121","0.231585","107.17234826166","16.54272299477","-2.3500001361754E-5"
"16.5405814806","107.212323206","0","0","11","196.977","0.338894","135.84","-0.874198494689","118.847","46.9586","30.7676","0.189961600547","0.874198494689","0.467115670563","611.55","0.0808863678327","12.8991","0","0.204447","0","0.146818","0.280274","107.21232320575","16.540581480551","-2.3500001361754E-5"
"16.5405814806","107.212323206","0","0","11","196.977","0.338894","135.84","-0.874198494689","118.847","46.9586","30.7676","0.189961600547","0.874198494689","0.467115670563","611.55","0.0808863678327","12.8991","0","0.204447","0","0.146818","0.280274","107.21232320575","16.540581480551","-2.3500001361754E-5"
"16.5455783486","107.242304415","0","0","11","98.1391","0.00922128","276.108","-1.04481035469","215.322","13.3607","11.3964","0.00194608198509","1.04481035469","0.0464763295411","598.043","0.361365190403","19.978","0","0.0890539","0.0157645","0.24353","0.153339","107.24230441472","16.545578348562","-2.3500001361754E-5"
"16.5377261268","107.190194219","0","0","11","278.855","0.0110955","340.384","0.315256058781","206.675","37.654","25.8903","0.00540339252532","-0.315256058781","0.0227434766397","612.544","0.00931021234207","117.536","0","0.290139","0","0.0548105","0.295286","107.19019421859","16.537726126759","-2.3500001361754E-5"
"16.5434368334","107.123093418","0","0","11","166.287","0.0718793","250.976","2.62504198081","222.996","19.0561","14.6331","0.0192209300205","-2.62504198081","0.266210674568","613.378","0.000802778394222","13.219","0","0.0831172","0","0.0645432","0.459416","107.12309341843","16.543436833443","-2.3500001361754E-5"
"16.5391538041","107.105247461","0","0","11","266.117","0.0769932","62.5502","1.24638342754","137.161","22.5195","15.6191","0.0238326236022","-1.24638342754","0.277162007051","612.761","0.0118258205935","23.3138","0","0.0865143","0","0.302445","0.597612","107.1052474606","16.539153804105","-2.3500001361754E-5"
"16.5467085922","107.137548644","0","0","11","370.198","0.0100519","315.141","0.328241122284","224.26","30.1332","20.2119","0.00369519366279","-0.328241122284","0.0273095511049","612.383","0.0153865872718","222.332","0","0.0963495","0","0.187808","0.350662","107.13754864435","16.546708592228","-2.3500001361754E-5"
"16.5348707739","107.148077759","0","0","11","122.036","12.0109","190.437","-2.0189985998","185.901","20.2265","13.7403","2.91614764946","2.0189985998","10.8297901199","614.899","0.318522497292","6.36873","0","0.162317","0","0.0215033","0.359556","107.14807775938","16.534870773867","-2.3500001361754E-5"
"16.5345733411","107.084129745","0","0","11","247.323","0.416698","109.787","-0.344041864289","170.206","4.98222","3.22062","0.0247606992423","0.344041864289","5.93535399493","606.579","0.0407470054107","2.95577","0","0.0948147","0","0.0098842","0.761462","107.08412974489","16.534573341087","-2.3500001361754E-5"
"16.532431826","107.128387719","0","0","11","205.108","0.0188849","20.0663","-0.845270780781","154.017","36.9568","25.5496","0.00922936246328","0.845270780781","0.0400357232802","616.174","0.0312703294353","66.8674","0","0.117457","0","0.158508","0.476883","107.12838771922","16.532431825968","-2.3500001361754E-5"
"16.5248770378","107.094539887","0","0","11","423.461","0.0117502","78.4159","-1.04697040429","91.7983","42.6004","31.1222","0.00739021512833","1.04697040429","0.019838707597","614.879","0.0144013820307","77.382","0","0.102804","0","0.123867","0.724897","107.09453988681","16.524877037845","-2.3500001361754E-5"
"16.5141694632","107.138084022","0","0","11","175.698","27.0987","237.595","-2.50708746499","254.595","44.2407","29.8298","14.8871539377","2.50708746499","5.74033864329","610.983","0.0922156024414","28.5411","0","0.129972","0","0.0230289","0.540529","107.13808402246","16.51416946315","-2.3500001361754E-5"
"16.5127417867","107.23159684","0","0","11","312.791","0.0380612","241.822","-0.329491253263","232.772","26.285","21.2532","0.0155393799685","0.329491253263","0.0967646328857","623.467","0.110858825092","74.8761","0","0.260054","0.00848847","0.234838","0.100031","107.23159684002","16.512741786704","-2.3500001361754E-5"
"16.5163109783","107.203043308","0","0","11","300.217","0.0374854","289.153","-4.68319455715","226.622","29.003","17.6203","0.0126966048192","4.68319455715","0.127876172045","620.838","0","74.0209","0","0.168849","0","0.0896246","0.301895","107.2030433084","16.516310978269","-2.3500001361754E-5"
"16.5155971396","107.182341998","0","0","14","321.026","0.0120017","317.293","-4.77395439527","212.425","25.9251","16.0674","0.00358055261586","4.77395439527","0.0428405609027","618.23","0.0217832951968","247.471","0","0.129328","0","0.15365","0.451644","107.18234199769","16.515597139596","-2.3500001361754E-5"
"16.5210104135","107.078419038","0","0","11","576.388","0.0125549","340.233","-0.571383561572","212.587","45.7427","31.9513","0.00784851315085","0.571383561572","0.0200730796675","608.44","0.0169534012628","162.053","0","0.0844051","0","0.0802554","0.848429","107.07841903821","16.5210104135","-2.3500001361754E-5"
"16.5224380899","107.116252468","0","0","11","209.831","0.624269","325.744","-1.35619310532","215.72","28.182","20.9817","0.23931920678","1.35619310532","1.2531617785","614.346","0.119806108092","34.3658","0","0.120258","0","0.047247","0.600168","107.11625246808","16.522438089946","-2.3500001361754E-5"
"16.5027480507","107.229455326","0","0","11","657.665","0.0136018","175.372","-3.53733570285","175.286","22.0886","20.7487","0.00542254111986","3.53733570285","0.0374669896582","629.24","0.0112888423547","232.772","0","0.218485","0.00167386","0.348616","0.170397","107.2294553258","16.502748050682","-2.3500001361754E-5"
"16.5091725951","107.193049572","0","0","11","391.803","0.0085315","325.146","-1.62795878133","235.596","52.9422","32.7208","0.00588924283634","1.62795878133","0.0142381830085","621.772","0","257.61","0","0.152599","0","0.151262","0.38783","107.19304957238","16.509172595139","-2.3500001361754E-5"
"16.512027948","107.172348262","0","0","11","311.462","0.0310069","312.206","-0.764643221284","232.131","31.6999","22.9936","0.0131611751768","0.764643221284","0.0719591722235","617.77","0.0181074886617","59.0806","0","0.127681","0","0.126215","0.477018","107.17234826166","16.512027948031","-2.3500001361754E-5"
"16.5077449187","107.210895529","0","0","11","404.709","0.0148579","165.706","-4.2201708057","159.665","40.8351","27.2633","0.00769646459043","4.2201708057","0.0286616935239","622.378","0.0102456700332","155.125","0","0.198271","0","0.19679","0.259818","107.21089552931","16.507744918693","-2.3500001361754E-5"
"16.5091725951","107.256581181","0","0","14","446.722","0.0118153","355.808","-0.373341029547","183.715","28.0163","22.5602","0.00477441081228","0.373341029547","0.0274895873119","623.775","0.0503408480862","255.884","0","0.267884","0.0401964","0.296307","0.078909","107.25658118098","16.509172595139","-2.3500001361754E-5"
"16.5110166775","107.108400247","0","0","14","632.224","0.0206857","310.878","-6.35839662504","244.586","46.7641","27.8925","0.0110013229017","6.35839662504","0.0388081163118","609.007","0.0316135402178","124.621","0","0.108934","0","0.0588863","0.70656","107.10840024717","16.511016677478","-2.3500001361754E-5"
"16.4927543138","107.157357657","0","0","11","358.512","0.0138149","334.589","3.22064040556","225.379","51.6424","35.5846","0.0100798594713","-3.22064040556","0.0197642073196","606.561","0.0376048730554","41.0219","0","0.127884","0","0.0607828","0.645443","107.15735765673","16.492754313761","-2.3500001361754E-5"
"16.4991788591","107.258008857","0","0","11","358.725","0.0346167","84.8455","0.347007410931","178.581","32.5713","26.6911","0.0173620547352","-0.347007410931","0.0683960134135","633.141","0.0080319760991","131.865","0","0.199009","0.0184029","0.328795","0.145438","107.25800885742","16.499178859117","-2.3500001361754E-5"
"16.4906127995","107.210181692","0","0","11","264.325","0.0184267","283.775","-2.41782550603","245.389","31.767","21.7646","0.00744611837827","2.41782550603","0.0463950213174","626.665","0.0221132810103","55.0583","0","0.0864082","0","0.0997221","0.341549","107.21018169153","16.490612799541","-2.3500001361754E-5"
"16.4931707197","107.136953779","0","0","11","357.828","0.021767","36.5411","-0.368540555462","117.096","61.5898","36.7567","0.016229213788","0.368540555462","0.0289290273039","601.892","0.0421838737614","163.394","0","0.121447","0","0.0680254","0.692882","107.13695377879","16.493170719653","-2.3500001361754E-5"
"16.4981675877","107.189777813","0","0","11","259.631","0.0174333","57.6964","-3.35836607712","159.107","17.3419","8.27919","0.0240107337782","3.35836607712","0.382289585888","616.95","0.0674074469729","7.31746","0","0.11764","0","0.0181236","0.440061","107.1897778127","16.498167587664","-2.3500001361754E-5"
"16.4891851222","107.175203615","0","0","11","543.997","0.0109573","344.547","2.07035366896","199.789","31.4369","24.3055","0.00503580539562","-2.07035366896","0.0245765800953","610.967","0.0225090982746","62.1215","0","0.108005","0","0.11373","0.572513","107.17520361456","16.489185122196","-2.3500001361754E-5"
"16.487043608","107.221603104","0","0","11","357.854","0.0172111","272.129","-3.34849450259","219.801","21.4431","12.4328","0.00385640836623","3.34849450259","0.081604560929","634.144","0.010846266552","46.9609","0","0.107803","0","0.233369","0.309213","107.221603104","16.487043607976","-2.3500001361754E-5"
"16.4872220676","107.241055198","0","0","11","168.13","0.0141347","42.4855","-0.597770298942","148.578","20.548","15.5168","0.00387700349875","0.597770298942","0.0497543187534","640.394","0.0308373202159","34.9702","0","0.106278","0","0.0788728","0.265172","107.24105519794","16.487222067644","-2.3500001361754E-5"
"16.4788939534","107.154799737","0","0","11","495.743","0.0220831","229.781","2.4162917882","242.677","38.1325","27.3429","0.0117318200198","-2.4162917882","0.0419787267999","599.723","0.0236732366591","116.581","0","0.123048","0","0.126798","0.567621","107.15479973662","16.478893953393","-2.3500001361754E-5"
"16.4803216307","107.188350136","0","0","11","749.738","0.00827479","33.4826","-1.78897474907","129.891","50.4345","30.3488","0.00485483877166","1.78897474907","0.0141051118848","613.149","0.0213354031905","248.743","0","0.105493","0","0.0889195","0.509132","107.18835013625","16.480321630739","-2.3500001361754E-5"
"16.4741945182","107.199474117","0","0","11","360.427","0.0385949","113.684","3.56426193018","98.9766","43.814","29.7608","0.041698648139","-3.56426193018","0.104466444143","620.992","0.0903379914202","61.2907","0","0.0993559","0","0.0352668","0.465472","107.19947411684","16.474194518163","-2.3500001361754E-5"
"16.4706253266","107.183055835","0","0","11","734.732","0.00863845","63.6978","-5.5280909582","133.343","30.7724","17.3006","0.00276476236873","5.5280909582","0.0317720900794","607.298","0","106.07","0","0.0990061","0","0.313181","0.434745","107.18305583546","16.470625326598","-2.3500001361754E-5"
"16.4770498711","107.171634423","0","0","11","526.1","0.735615","246.71","2.81212259486","255","43.5684","30.5782","0.423018803256","-2.81212259486","0.916671665529","604.454","0.0732106335318","52.9896","0","0.101426","0","0.0394951","0.50351","107.17163442299","16.477049871055","-2.3500001361754E-5"
"16.4706253266","107.183055835","0","0","11","734.732","0.00863845","63.6978","-5.5280909582","133.343","30.7724","17.3006","0.00276476236873","5.5280909582","0.0317720900794","607.298","0","106.07","0","0.0990061","0","0.313181","0.434745","107.18305583546","16.470625326598","-2.3500001361754E-5"
"16.4699114888","107.24444593","0","0","11","219.633","0.0226462","100.052","4.50884718503","97.593","32.4995","27.5297","0.0117993514771","-4.50884718503","0.0431150699282","658.551","0.0238764290224","26.9184","0","0.0912454","0","0.0832302","0.397022","107.24444592984","16.469911488824","-2.3500001361754E-5"
"16.4724694089","107.139095294","0","0","11","636.277","0.022798","55.6048","-1.67015051704","95.6923","53.8041","35.1026","0.0160129272074","1.67015051704","0.0320423939116","591.486","0.00269469110254","171.269","0","0.106077","0","0.14253","0.595591","107.13909529391","16.472469408936","-2.3500001361754E-5"
"16.4724694089","107.217617507","0","0","11","476.861","0.011157","95.0716","-2.26203946419","132.859","20.9607","16.2849","0.00330170576346","2.26203946419","0.0380586441771","635.057","0","108.959","0","0.103677","0","0.130958","0.426713","107.21761750654","16.472469408936","-2.3500001361754E-5"
"16.4656284586","107.170206747","0","0","11","640.094","0.0910307","124.322","-0.458401597864","121.959","35.3452","23.5697","0.0392669310276","0.458401597864","0.203308453788","598.144","0","25.3828","0","0.107881","0","0.106437","0.42053","107.17020674654","16.465628458587","-2.3500001361754E-5"
"16.4556347226","107.2066125","0","0","11","426.384","0.237663","95.4866","1.88980137972","173.843","9.16011","5.58562","0.022865618962","-1.88980137972","2.29750811392","626.402","0.0821818191565","10.4648","0","0.0831943","0","0.00581119","0.334651","107.20661249997","16.455634722564","-2.3500001361754E-5"
"16.4634869435","107.218747751","0","0","11","351.619","0.456141","146.987","-0.637990005635","145.958","25.7562","20.4081","0.172286628272","0.637990005635","0.988580974442","636.289","0.0243902439024","64.593","0","0.080673","0","0.325064","0.41545","107.21874775111","16.463486943468","-2.3500001361754E-5"
"16.4613454283","107.142367053","0","0","11","656.738","0.0328724","123.106","-0.0296419717732","131.248","28.6381","19.4166","0.0115939930689","0.0296419717732","0.0918029156521","584.69","0.034588779248","67.7619","0","0.101641","0","0.135753","0.513676","107.1423670527","16.461345428349","-2.3500001361754E-5"
"16.462059267","107.233738355","0","0","11","256.856","0.0117104","317.513","2.46081910455","211.248","27.2326","19.9049","0.0042578205453","-2.46081910455","0.0329651671558","655.656","0.0419496652368","85.1601","0","0.0831115","0","0.0789163","0.445182","107.23373835514","16.462059267022","-2.3500001361754E-5"
"16.4513516923","107.165923716","0","0","11","648.951","0.022818","279.018","0.603688823458","181.462","17.6464","11.7684","0.00468631086815","-0.603688823458","0.111396597947","588.575","0.000533265661748","64.8173","0","0.11039","0","0.0508688","0.334286","107.16592371631","16.451351692327","-2.3500001361754E-5"
"16.4542070461","107.193049572","0","0","11","623.752","0.0183827","31.0659","1.01398042681","149.912","29.3909","19.9832","0.00711438835838","-1.01398042681","0.0541060103419","613.404","0","32.7372","0","0.105443","0","0.0652103","0.300587","107.19304957238","16.454207046118","-2.3500001361754E-5"
"16.4484963394","107.215892397","0","0","11","557.059","0.028193","177.549","0.109748031084","177.725","23.7807","21.7501","0.0112391077413","-0.109748031084","0.0697093165205","637.055","0","62.7375","0","0.0909822","0","0.305104","0.293502","107.21589239732","16.448496339435","-2.3500001361754E-5"
"16.4506378546","107.239449062","0","0","11","250.587","0.122987","142.914","-1.5889000054","146.186","26.684","19.5329","0.042289901547","1.5889000054","0.350635970165","662.289","0.0115645152767","4.88914","0","0.0914949","0","0.210701","0.393457","107.23944906182","16.450637854553","-2.3500001361754E-5"
"16.452065531","107.262291888","0","0","11","246.005","0.0173281","315.537","-2.0625917085","203.782","21.7978","11.6324","0.0035555934376","2.0625917085","0.0892171300454","679.681","0.0243902439024","79.2188","0","0.0764257","0","0.120426","0.503452","107.26229188766","16.452065531","-2.3500001361754E-5"
"16.4413579563","107.173775938","0","0","11","983.686","0.0175218","114.721","1.69968369566","98.6454","46.3749","30.1608","0.0101767551351","-1.69968369566","0.0303228781156","584.758","0.0243902439024","187.375","0","0.119756","0","0.103206","0.234032","107.17377593811","16.441357956305","-2.3500001361754E-5"
"16.4385026034","107.19376341","0","0","11","637.832","0.0188114","90.4574","0.802437046622","154.171","14.8697","9.987","0.00356378663603","-0.802437046622","0.134151674414","604.249","0.110974547183","8.37496","0","0.108915","0.00413019","0.000680573","0.176177","107.19376341015","16.438502603412","-2.3500001361754E-5"
"16.4356472496","107.204470985","0","0","11","507.497","0.781225","227.419","1.30307744074","246.31","48.5699","29.8507","0.434793202858","-1.30307744074","0.989835195197","617.978","0.0784058274784","30.0558","0","0.109146","0.00723553","0.0136469","0.174896","107.20447098485","16.435647249621","-2.3500001361754E-5"
"16.4413579563","107.15592998","0","0","11","825.689","0.033115","62.0566","-4.80990274484","72.4444","69.5912","42.6697","0.0311048712053","4.80990274484","0.0357564264841","571.149","0.0169233326594","149.971","0","0.111235","0","0.0849113","0.329759","107.15592998028","16.441357956305","-2.3500001361754E-5"
"16.4363610883","107.241590577","0","0","11","533.377","0.00863164","291.682","-4.39831550851","252.867","39.7265","27.2672","0.00463543602213","4.39831550851","0.017914444252","670.454","0","220.668","0","0.0733477","0","0.309879","0.327684","107.24159057694","16.436361088294","-2.3500001361754E-5"
"16.442071795","107.228741487","0","0","11","397.574","0.0213206","336.046","6.01800771653","215.816","44.1693","29.3755","0.0127930774142","-6.01800771653","0.0393961251228","656.021","0.0237411787887","87.5075","0","0.0628014","0","0.373575","0.288417","107.22874148713","16.442071794977","-2.3500001361754E-5"
"16.422084322","107.218033912","0","0","11","343.315","0.0584759","116.321","1.46355993408","131.76","27.7657","17.7366","0.0188449801166","-1.46355993408","0.17719314345","632.209","0.011875981798","20.5769","0","0.124903","0.00876677","0.215189","0.113406","107.21803391244","16.422084322034","-2.3500001361754E-5"
"16.4249396758","107.203757146","0","0","11","461.668","0.0539978","29.2652","1.2822419991","143.127","35.099","25.3039","0.0256196030202","-1.2822419991","0.112017733841","610.579","0.0151725857428","35.4835","0","0.121334","0.0150236","0.111323","0.0914914","107.20375714618","16.424939675825","-2.3500001361754E-5"
"16.4213704843","107.17734513","0","0","11","541.77","0.00950045","68.2991","1.18375886609","111.236","36.4565","26.3213","0.00469312651694","-1.18375886609","0.0196048761428","566.298","0.00341969089321","44.7569","0","0.107536","0.0129582","0.145269","0.105614","107.17734512967","16.42137048426","-2.3500001361754E-5"
"16.412090586","107.222316943","0","0","11","257.728","3.07447","208.997","0.843078589566","224.801","48.307","31.108","2.34739603945","-0.843078589566","2.50737239229","630.446","0","76.2329","0","0.137101","0.00728313","0.0509577","0.119623","107.22231694267","16.412090586012","-2.3500001361754E-5"
"16.4078075558","107.162354525","0","0","11","1073.41","0.0297303","54.3134","-0.303729114005","114.116","42.3538","27.0701","0.0151853288926","0.303729114005","0.0576485632919","524.751","0","324.522","0","0.0919122","0.00916209","0.377728","0.136252","107.16235452474","16.407807555774","-2.3500001361754E-5"
"16.3992414962","107.207326338","0","0","11","516.398","0.0969999","271.147","4.10311194809","245.017","39.1445","26.9022","0.0500344614631","-4.10311194809","0.190490673722","590.917","0","26.9803","0","0.136079","0.0213788","0.222089","0.0868824","107.20732633774","16.399241496198","-2.3500001361754E-5"
"16.3949584669","107.180914321","0","0","11","590.027","8.99039","160.049","-3.60356508331","150.632","42.9083","29.0825","4.47028728159","3.60356508331","4.41284335104","535.746","0.119364561878","8.1898","0","0.114468","0.0245033","0.0180095","0.00439429","107.18091432124","16.39495846686","-2.3500001361754E-5"
"16.3913892753","107.232310679","0","0","11","643.506","0.0614546","48.2246","-1.56832260228","101.037","56.0976","35.789","0.0441748381376","1.56832260228","0.0831284507375","627.74","0.00496082001132","116.653","0","0.170839","0","0.153036","0.261111","107.23231067869","16.391389275295","-2.3500001361754E-5"
"16.3885339224","107.21517856","0","0","11","649.727","0.466195","192.325","4.70371345638","177.213","21.9417","12.9948","0.104606533165","-4.70371345638","1.73905402576","595.556","0.10695387335","14.8712","0","0.15521","0.00525884","0.000727262","0.19028","107.21517855954","16.388533922403","-2.3500001361754E-5"
"16.3856785686","107.16449604","0","0","11","812.522","0.0829804","288.255","-1.15915579074","194.13","28.4383","25.4125","0.0396231945758","1.15915579074","0.167109888774","471.371","0.0593079181339","19.9563","0","0.0923593","0.0111964","0.0751516","0.0311532","107.16449603986","16.385678568611","-2.3500001361754E-5"
"16.382109377","107.151646951","0","0","11","1095.73","0.00957","49.7951","-3.83189486258","149.714","18.5292","12.6809","0.00215953634768","3.83189486258","0.0455921421426","419.542","0.0154552252475","98.0666","0","0.098329","0.00844315","0.0315398","0.134365","107.15164695095","16.382109377046","-2.3500001361754E-5"
"16.382109377","107.26086421","0","0","11","633.41","0.0415465","210.152","1.19162894958","179.639","21.0431","15.6168","0.0115508742442","-1.19162894958","0.148363853568","669.691","0.0752662977791","125.392","0","0.189216","0","0.144951","0.484629","107.26086421032","16.382109377046","-2.3500001361754E-5"
"16.4948958289","107.268716432","0","0","11","541.322","0.0131133","350.628","-2.93738959451","194.688","37.0967","28.772","0.00721300232902","2.93738959451","0.0237000766255","641.67","0.0238218612887","334.477","0","0.155996","0.0156898","0.364787","0.162714","107.26871643212","16.494895828879","-2.3500001361754E-5"
"16.4753247618","107.264849808","0","0","11","201.582","0.266203","226.899","3.69156422806","232.192","35.881","23.1049","0.109080621455","-3.69156422806","0.530167500779","662.369","0","16.1004","0","0.0958535","0","0.187014","0.319563","107.26484980777","16.475324761828","-2.3500001361754E-5"
"16.437074927","107.264433402","0","0","11","258.298","0.0717761","173.279","2.42336570253","181.965","11.6704","6.93798","0.00912436523514","-2.42336570253","0.57664935595","693.296","0.0230737448842","5.23652","0","0.0706041","0","0.171072","0.485366","107.26443340188","16.437074926966","-2.3500001361754E-5"
"16.3842508922","107.270144109","0","0","11","794.782","0.0191582","323.575","1.42982701966","241.157","58.5162","34.1634","0.0130084165474","-1.42982701966","0.0279512276933","683.078","0.01286596069","238.505","0","0.198816","0","0.0744648","0.540178","107.27014410856","16.384250892165","-2.3500001361754E-5"
"16.5662796593","107.190194219","0","0","11","89.836","0.0867944","181.618","-2.07130750888","201.244","9.73596","11.3945","0.0179338567858","2.07130750888","0.45016719875","601.752","0.555932086993","19.2742","0","0.280036","0.00540799","0.0951464","0.114095","107.19019421859","16.566279659279","-2.3500001361754E-5"
"16.5634243064","107.232310679","0","0","11","114.222","0.19728","281.855","1.16737832377","219.517","17.8095","12.6844","0.0415361737996","-1.16737832377","0.888976005099","593.326","0.0878076311504","17.5487","0","0.223156","0","0.0443795","0.266323","107.23231067869","16.563424306387","-2.3500001361754E-5"
"16.5641381442","107.145936244","0","0","11","200.506","0.0304316","160.805","-2.38586290729","173.377","18.1619","15.8137","0.00864590870202","2.38586290729","0.106357139835","611.565","0.0243902439024","16.9557","0","0.0442333","0","0.33674","0.231744","107.14593624426","16.56413814416","-2.3500001361754E-5"
"16.5638407114","107.159082766","0","0","11","218.663","0.010747","67.0908","0.0724969590852","108.043","30.1174","25.915","0.0054786189244","-0.0724969590852","0.0230714273521","605.326","0.0174724925116","52.5354","0","0.0916351","0.00378246","0.144889","0.137098","107.15908276596","16.56384071138","-2.3500001361754E-5"
"16.5255430668","107.441756667","2","2","8","5.2632","0.00844646","78.6945","-0.900939989113","159.018","6.87622","6.68511","0.000990333635165","0.900939989113","0.0735438066999","542.174","0.64167728131","5.16743","0","0.350593","0.260787","0.0295892","0.00681319","107.44175666694","16.525543066759","1.9999764999986"
"16.5183890004","107.4405","3","3","14","9","0.112977","313.128","-0.358356405064","186.862","4.58803","2.88246","0.00611725140621","0.358356405064","2.19438773128","536.606","0.634146341463","3.60803","0","0.421779","0.22533","0.0606918","0.0109302","107.44050000018","16.518389000352","2.9999764999986"
"16.5061940001","107.439917","4.5","4","4","9.93554","0.00967407","54.6482","-0.101784585649","178.294","1.03853","0.797397","0.000142124844578","0.101784585649","5.57599609352","532.382","0.634146341463","2.73611","0","0.438099","0.197324","0.0619693","0.00263527","107.43991700027","16.506194000053","4.4999764999986"
"16.5039550668","107.437438822","3","3","14","8.55438","0.0151208","279.835","-1.02823288828","203.118","8.77544","7.44386","0.00200173199531","1.02823288828","0.126388024568","531.534","0.636752902002","0.622985","0","0.460992","0.190642","0.00324526","0.00183396","107.43743882214","16.503955066773","2.9999764999986"
"16.4970439999","107.44367","2","2","14","11.7338","0.00855638","218.452","-0.175668710918","180.657","2.69067","0.836691","0.000185956036455","0.175668710918","3.45235867735","532.29","0.609756097561","8.13909","0","0.436092","0.19806","0.118291","0.00344483","107.44366999977","16.497043999881","1.9999764999986"
"16.4938968673","107.401867454","1.9","2","5","5","0.218901","182.861","0.638885077469","182.332","2.4191","0.885564","0.00338620802419","-0.638885077469","78.7540496426","544.048","0.705857863694","1.37303","0","0.290271","0.134862","0.235292","0.00376254","107.40186745432","16.493896867347","1.8999764999985"
"16.4903524863","107.42474543","1.48","1","3","5.00066","0.464368","0.169444","0.558876946525","179.993","1.00187","0.00194013","0.000484905001813","-0.558876946525","380.166395651","531.663","0.661947114728","2.35526","0","0.472854","0.15186","0.111014","0.0174822","107.42474543016","16.490352486278","1.4799764999984"
"16.4936488667","107.401098454","2.7","3","3","4","0.184344","290.652","0.554116099343","185.468","2","2.29314","0.00729425504934","-0.554116099343","4.44297777947","544.481","0.682926829268","0.848459","0","0.288905","0.136318","0.221768","0.00743997","107.40109845393","16.493648866702","2.6999764999985"
"16.5346584628","107.444159136","2.15","2","18","6.44101","428.515","130.754","-0.0329818905089","158.146","8.43808","9.46828","71.3686416636","0.0329818905089","36.5415897988","542.473","0.717497014869","4.6335","0","0.370638","0.287886","0.00677477","0.00166507","107.44415913564","16.534658462818","2.1499764999985"
"16.5470681196","107.412945101","1.1","1","5","9.04662","0.0318906","302.535","-0.0988519763543","187.729","3.91682","2.76539","0.00458750728276","0.0988519763543","2.22583212915","550.557","0.658536585366","6.0041","0","0.263282","0.208193","0.0693466","0.007192","107.41294510094","16.547068119598","1.0999764999985"
"16.5365420002","107.441985","1.49","1","5","9.21241","0.0700423","182.937","-0.0214167550934","182.729","1","0.747622","0.000906370486609","0.0214167550934","15.5051358822","545.758","0.658536585366","2.21557","0","0.348264","0.288585","0.0387592","0.00805546","107.44198500031","16.536542000213","1.4899764999986"
"16.5483051209","107.412703805","2.64","3","3","6","0.790484","257.36","0.640539042809","184.138","1.76485","1.1541","0.0156169689237","-0.640539042809","30.9341176943","550.881","0.731707317073","1.48522","36.269","0.269615","0.204688","0.0373176","0.00845174","107.41270380474","16.548305120885","2.6399764999985"
"16.5494676493","107.444860262","1.85","2","3","3","0.292014","0","0","180","0","0","0.000283211257339","0","249.31861146","549.842","0.768719116163","3.59082","0","0.356904","0.279913","0.0870962","0.00697616","107.44486026239","16.549467649313","1.8499764999985"
"16.5477618863","107.414055797","1.9","2","3","7","0.181969","198.055","0.53466651888","182.162","1.84013","1.31531","0.00353630167013","-0.53466651888","8.85193383658","550.598","0.707317073171","2.10351","0","0.271467","0.206382","0.0344313","0.001955","107.41405579694","16.547761886302","1.8999764999985"
"16.5524801111","107.399485394","1.6","2","5","7.08917","0.0331296","215.199","0.49964083045","186.216","3.25646","3.17261","0.00190859057456","-0.49964083045","0.584324130827","555.991","0.634146341463","1.16806","0","0.29491","0.21308","0.0930053","0.0129195","107.39948539394","16.552480111068","1.5999764999985"
"16.4931707197","107.29340334","0","0","11","158.366","0.0136047","59.2448","-0.89255019071","132.319","20.276","18.1477","0.00451276182584","0.89255019071","0.041569455575","641.712","0.152550113685","64.9348","0","0.360354","0.0455217","0.0839352","0.107091","107.29340334029","16.493170719653","-2.3500001361754E-5"
"16.4979296414","107.307680106","0","0","14","115.321","0.119147","239.098","0.972926399308","239.615","34.0964","22.7085","0.051250051784","-0.972926399308","0.274541049762","626.76","0.098315186172","14.7734","0","0.572518","0.074512","0.125488","0.0368004","107.30768010565","16.49792964144","-2.3500001361754E-5"
"16.4777042232","107.285075226","0","0","14","160.404","0.0775922","139.737","2.65469289339","194.441","11.7736","9.7979","0.0150648129453","-2.65469289339","0.486472268289","659.792","0.0731707317073","2.22414","0","0.180241","0","0.107663","0.242588","107.28507522604","16.477704223171","-2.3500001361754E-5"
"16.4872220676","107.329095255","0","0","11","77.2702","0.00865097","22.2039","2.75176008508","162.453","17.6313","12.4263","0.00199443984824","-2.75176008508","0.0489901831966","623.087","0.579849910257","29.2466","0","0.479064","0.026533","0.0636634","0.150107","107.32909525504","16.487222067644","-2.3500001361754E-5"
"16.4836528761","107.354079596","0","0","7","225.882","0.0364336","270.751","-2.92639975688","248.538","35.27","24.1893","0.0171544385354","2.92639975688","0.0836544891091","596.758","0","36.0838","0","0.183073","0.0588023","0.138408","0.0935501","107.354079596","16.483652876079","-2.3500001361754E-5"
"16.4765144929","107.386202319","0","0","14","63.6737","0.264638","228.353","0.211159440175","216.682","26.0447","15.6996","0.0694794273956","-0.211159440175","0.877145964986","558.68","0.230872230606","21.7002","0","0.116662","0.0761687","0.0573139","0.0759221","107.38620231918","16.47651449295","-2.3500001361754E-5"
"16.4767524392","107.422489099","0","0","14","39.8839","0.136102","262.931","-1.08140364568","188.535","4.27551","3.01939","0.00715593441668","1.08140364568","2.42805065853","530.165","0.29421564384","1.25521","0","0.349477","0.0888293","0.353559","0.081709","107.42248909949","16.476752439174","-2.3500001361754E-5"
"16.472053003","107.350807836","0","0","11","507.251","0.0103501","18.8777","-4.06071212633","154.119","39.7397","26.1236","0.00516089126631","4.06071212633","0.02121915011","610.735","0.0178543998276","314.151","0","0.11616","0.00145229","0.152901","0.185797","107.35080783631","16.472053003044","-2.3500001361754E-5"
"16.4649146199","107.36222925","0","0","14","511.576","0.00991117","345.34","4.07525802503","183.659","44.5263","36.4585","0.00732308684309","-4.07525802503","0.0133562312117","596.582","0","265.836","0","0.0820436","0","0.178943","0.204859","107.36222924968","16.464914619914","-2.3500001361754E-5"
"16.4649146199","107.374364501","0","0","11","436.197","0.0227638","37.0718","-2.11540226269","127.749","45.4063","29.1212","0.0127125875421","2.11540226269","0.0403403448046","577.23","0.00404286094964","171.251","0","0.0794066","0.0121709","0.202416","0.120356","107.37436450082","16.464914619914","-2.3500001361754E-5"
"16.4658069183","107.307680106","0","0","11","102.482","0.0197686","24.6001","-0.406519382635","165.221","15.7702","11.7064","0.00411667311402","0.406519382635","0.0957187107417","667.105","0.182808113892","46.1071","0","0.290365","0","0.200272","0.281255","107.30768010565","16.465806918255","-2.3500001361754E-5"
"16.4667587023","107.435338189","0","0","14","112.654","0.0120599","260.289","-4.39422066851","193.479","22.184","10.2167","0.00217152943048","4.39422066851","0.068732541697","527.318","0.353949561769","100.417","0","0.277985","0.0707713","0.0591825","0.0122052","107.43533818931","16.466758702252","-2.3500001361754E-5"
"16.4674725409","107.398932436","0","0","14","216.73","0.0157618","339.059","-2.23308683015","207.238","33.0672","24.3931","0.00711473249899","2.23308683015","0.035331469879","542.927","0.127359648015","147.8","0","0.140196","0.0323572","0.186153","0.0201376","107.39893243588","16.467472540925","-2.3500001361754E-5"
"16.4610479965","107.280316304","0","0","11","270.791","0.00848459","139.262","-0.112771932927","145.766","28.2205","18.0089","0.00297751595717","0.112771932927","0.0278439971206","677.951","0.0233360762987","121.753","0","0.0981726","0","0.0787902","0.380888","107.28031630425","16.461047996468","-2.3500001361754E-5"
"16.4610479965","107.442476572","0","0","14","234.603","0.00995344","273.002","-0.358565930857","184.198","23.5284","16.4574","0.00293336833349","0.358565930857","0.036018381599","521.333","0.0152707927724","114.106","0","0.247109","0.0820759","0.210492","0.0526817","107.44247657154","16.461047996468","-2.3500001361754E-5"
"16.4539096133","107.366809712","0","0","11","229.026","0.0972056","190.777","2.99073354544","195.839","35.8647","26.7842","0.0531207095569","-2.99073354544","0.197346769582","593.762","0","18.115","0","0.204822","0.00386758","0.23102","0.145892","107.3668097118","16.453909613338","-2.3500001361754E-5"
"16.452065531","107.32439582","0","0","7","443.736","0.016595","45.4996","-1.96621213791","132.051","30.5556","21.7235","0.00688956340185","1.96621213791","0.0427319668163","674.115","0.0267836978528","46.3831","0","0.10299","0","0.203645","0.39216","107.32439581981","16.452065531","-2.3500001361754E-5"
"16.4492101781","107.290845419","0","0","14","248.707","0.0226924","15.5202","0.299945567578","163.635","28.017","19.2379","0.00788099749261","-0.299945567578","0.0656335551336","694.839","0.00752564650341","136.556","0","0.0798926","0","0.154799","0.446119","107.29084541928","16.449210178107","-2.3500001361754E-5"
"16.4513516923","107.334389556","0","0","14","280.415","0.0196382","88.3375","1.75413906796","122.872","23.2478","19.2656","0.00690248942756","-1.75413906796","0.0586394783417","657.041","0.0105256270265","34.5547","0","0.110448","0","0.0825632","0.392175","107.33438955583","16.451351692327","-2.3500001361754E-5"
"16.4467712302","107.356459056","0","0","11","186.763","0.201775","172.141","-1.56392745764","167.52","24.4544","20.0863","0.0782912035325","1.56392745764","0.562508571622","616.237","0.0423417877642","26.6421","0","0.213532","0","0.144264","0.230771","107.35645905644","16.446771230208","-2.3500001361754E-5"
"16.4399302799","107.317257437","0","0","14","489.393","0.00831538","165.218","-1.88461851139","155.31","12.6296","10.6238","0.00158391875887","1.88461851139","0.0962466169972","692.738","1.94982932449E-5","108.781","0","0.0813914","0","0.185182","0.48299","107.31725743668","16.439930279859","-2.3500001361754E-5"
"16.437074927","107.325109658","0","0","14","248.975","0.0271596","62.0745","0.833438137812","154.446","15.9205","11.6955","0.00565076984344","-0.833438137812","0.138030229625","681.189","0.103769785556","27.6968","0","0.0822617","0","0.0265471","0.48468","107.32510965758","16.437074926966","-2.3500001361754E-5"
"16.4320780581","107.313688245","0","0","11","405.472","0.0369733","240.773","-0.393420403043","231.337","27.7731","19.0257","0.0127570291559","0.393420403043","0.105213929941","700.249","0.0243902439024","28.6358","0","0.0730684","0","0.172349","0.545702","107.31368824512","16.432078058056","-2.3500001361754E-5"
"16.4399302799","107.276568653","0","0","11","396.544","0.0414789","295.977","-0.130642551675","219.474","20.8889","14.2969","0.0104433830729","0.130642551675","0.168180084859","699.475","0.0233369515147","50.6832","0","0.0637332","0","0.255003","0.551505","107.27656865302","16.439930279859","-2.3500001361754E-5"
"16.4342195732","107.298697641","0","0","11","277.903","0.0136676","308.744","4.85400277244","238.788","30.7689","24.5815","0.00620240635392","-4.85400277244","0.0299847649833","705.871","0.00649743492586","30.1115","0","0.086627","0","0.233014","0.543384","107.29869764108","16.434219573175","-2.3500001361754E-5"
"16.4396328471","107.34218229","0","0","11","167.085","0.0917608","120.553","-1.54634501833","116.636","32.5156","24.3676","0.0414352718906","1.54634501833","0.192579328648","651.937","0.121951219512","21.4743","0","0.135222","0","0.0538666","0.35219","107.34218229018","16.439632847078","-2.3500001361754E-5"
"16.4360636555","107.443904249","0","0","14","56.7891","0.738003","49.8627","1.33955204839","174.848","5.01277","1.81255","0.0208942542747","-1.33955204839","297.170784116","525.524","0.272549825825","2.31784","0","0.111036","0.07117","0.00498981","0.00871154","107.44390424888","16.436063655513","-2.3500001361754E-5"
"16.4227981607","107.317257437","0","0","11","552.358","0.0198053","200.607","-1.57460067783","210.662","41.9922","29.5325","0.0115130080751","1.57460067783","0.0349101546087","703.224","0.0233205898362","147.367","0","0.0721156","0","0.283197","0.580781","107.31725743668","16.422798160707","-2.3500001361754E-5"
"16.4289252724","107.355269326","0","0","11","98.0806","0.225706","29.6238","3.58692396048","149.8","32.0575","18.6814","0.0767165185848","-3.58692396048","0.665787872183","626.483","0.442662120261","13.2152","0","0.251875","0","0.0144081","0.302814","107.35526932622","16.428925272383","-2.3500001361754E-5"
"16.4274975959","107.366095874","0","0","11","130.08","0.013619","87.0553","1.7369585574","169.617","5.47828","6.10836","0.00154364028605","-1.7369585574","0.149343605837","603.431","0.0513476034928","8.48385","0","0.409842","0","0.0962465","0.252744","107.36609587403","16.427497595937","-2.3500001361754E-5"
"16.4178012927","107.327965011","0","0","14","366.465","0.0525755","16.5438","1.44596157669","170.182","15.0712","11.8816","0.0104488806401","-1.44596157669","0.231530777633","684.433","0","42.7507","0","0.0725402","0","0.533923","0.526731","107.32796501138","16.417801292696","-2.3500001361754E-5"
"16.4086998541","107.34218229","0","0","11","199.152","0.0103331","256.036","-1.31030465926","188.067","35.1229","25.5204","0.00483587978104","1.31030465926","0.0267471150509","654.121","0.123072267047","73.5667","0","0.229171","0","0.256782","0.487503","107.34218229018","16.408699854115","-2.3500001361754E-5"
"16.4170279675","107.370735823","0","0","14","180.985","0.00867582","86.6081","1.05131177045","149.824","17.0847","11.0333","0.00196786467252","-1.05131177045","0.0531009848888","594.312","0.31858271271","62.526","0","0.484765","0","0.039929","0.308753","107.3707358227","16.417027967467","-2.3500001361754E-5"
"16.4035245264","107.31582976","0","0","11","344.174","0.0262847","262.661","-2.22450259396","233.308","21.4497","17.333","0.00819067688344","2.22450259396","0.0834075039324","691.443","0.0444606639084","95.5033","0","0.17669","0","0.185686","0.668685","107.31582976024","16.403524526436","-2.3500001361754E-5"
"16.3968025492","107.36359744","0","0","11","95.4129","9.16004","261.46","-2.59164395987","227.332","17.7753","16.2336","2.71261719818","2.59164395987","8.09150074739","608.149","0.419511863003","17.8269","0","0.3893","0","0.145955","0.479766","107.36359743957","16.396802549198","-2.3500001361754E-5"
"16.4051306626","107.387392049","0","0","11","94.1482","0.00963502","147.534","-2.30061869445","148.188","28.418","20.3515","0.00360386017791","2.30061869445","0.0260158301408","563.675","0.445739451444","26.3788","0","0.328698","0","0.0422635","0.318671","107.3873920494","16.40513066255","-2.3500001361754E-5"
"16.3863924073","107.28656239","0","0","11","623.282","0.0211239","357.983","-2.47799813063","184.034","39.5697","33.7585","0.0141604235109","2.47799813063","0.0315207859274","694.577","0.0243902439024","157.98","0","0.206184","0","0.245309","0.651607","107.28656238994","16.386392407284","-2.3500001361754E-5"
"16.3944230879","107.336233638","0","0","14","180.152","0.0112625","95.2186","-1.93112707763","123.32","19.077","19.0561","0.00389450437206","1.93112707763","0.0345064965987","662.597","0.128290093079","59.4113","0","0.404763","0","0.101945","0.603788","107.33623363817","16.394423087855","-2.3500001361754E-5"
"16.3849052443","107.385012589","0","0","11","139.626","0.291365","201.395","1.31293601836","190.365","14.3854","8.67656","0.0433259009451","-1.31293601836","1.86601210817","569.425","0.0623445554837","6.92667","0","0.130229","0","0.18403","0.392837","107.38501258896","16.384905244282","-2.3500001361754E-5"
"16.3920436274","107.395720163","0","0","11","129.417","0.0190258","39.6507","2.20851544207","147.822","19.0998","16.7411","0.00565240412335","-2.20851544207","0.0646607482591","553.891","0.167016893794","31.0599","0","0.13864","0","0.178768","0.292366","107.39572016276","16.392043627412","-2.3500001361754E-5"
"16.3837155132","107.370735823","0","0","11","123.518","0.205026","90.1371","1.7474895809","116.273","27.3897","24.9687","0.0962176432111","-1.7474895809","0.401665634157","592.822","0.0851542681403","19.403","0","0.34816","0","0.124861","0.494244","107.3707358227","16.38371551316","-2.3500001361754E-5"
"16.5028237529","107.457521575","2.75","3","3","2","0.261001","161.716","0.545513438242","178.464","1.16382","1.45857","0.00711537238793","-0.545513438242","10.0386425011","536.475","0.707317073171","1.73735","23.5084","0.252834","0.252411","0.0628525","0.0165476","107.45752157466","16.502823752914","2.7499764999986"
"16.5030279997","107.45575","1.55","2","3","3.70785","1.63849","183.303","0.127626677565","181.091","3.20468","1.61326","0.0449847785724","-0.127626677565","45.01617545","536.079","0.66177518548","2.14608","0","0.271891","0.256728","0.00334878","0.0129207","107.45575000016","16.503027999742","1.5499764999986"
"16.504756851","107.452547952","1.4","1","3","4","0.0193164","74.7114","0.45022718557","175.603","4.99192","2.92917","0.00117025813058","-0.45022718557","8.22295496624","535.778","0.728795283925","1.53119","0","0.303584","0.248327","0.0384288","0.000730899","107.45254795233","16.504756851048","1.3999764999985"
"16.5081670002","107.450028","3.1","3","5","5","0.0127641","43.2335","0.0805092478869","180","0.241528","0.241528","6.99214055265E-5","-0.0805092478869","10.5622448471","536.222","0.658536585366","2.30458","0","0.339018","0.248553","0.0968524","0.0196477","107.45002799979","16.508167000207","3.0999764999985"
"16.5123783734","107.446344823","4.45","4","5","5","0.0138725","282.649","0.114739737045","184.919","1.39993","1.38377","0.000324797599422","-0.114739737045","0.892153208168","536.953","0.609756097561","1.54138","0","0.383829","0.245938","0.0993812","0.00268458","107.44634482276","16.512378373363","4.4499764999985"
"16.5426877818","107.455223549","0.98","1","14","6.78835","0.0104736","323.262","-0.840654653808","190.73","7.39983","5.04163","0.000959145808664","0.840654653808","0.179176785479","547.712","0.658536585366","2.32279","0","0.399088","0.29618","0.00932516","0.00198665","107.45522354873","16.542687781816","0.97997649999843"
"16.5404400001","107.464704","1.5","2","14","7","0.00986259","252.049","0.158423883552","186.303","3.32568","1.83989","0.000385425811905","-0.158423883552","0.525183813396","546.503","0.646264912821","2.97006","0","0.377797","0.316572","0.0416924","0.00491352","107.46470400029","16.540440000106","1.4999764999986"
"16.539639","107.454694","1.07","1","3","5","0.0643777","3.44026","0.275977085771","179.368","1.89421","0.283981","0.000234194793317","-0.275977085771","59.6330525081","545.004","0.731707317073","2.5754","0","0.406716","0.308408","0.0359544","0.00354967","107.45469400003","16.53963900004","1.0699764999986"
"16.538722","107.454944","1.25","1","3","4","0.0187697","25.8997","0.422036614555","179.227","1.35773","0.386563","0.000131101406958","-0.422036614555","15.3139903908","544.749","0.655073605165","0.625148","0","0.408886","0.311957","0.0477306","0.0056204","107.45494399987","16.53872200002","1.2499764999986"
"16.5383609996","107.454944","1.05","1","14","4.12288","0.0108227","183.186","0.438056724513","182.759","2.28094","1.6553","0.000283906980273","-0.438056724513","6.37345557471","544.638","0.634146341463","0.945892","0","0.407931","0.312798","0.0585445","0.00570603","107.45494399987","16.538360999561","1.0499764999986"
"16.5417799998","107.451116","1","1","14","8.94885","108.911","134.489","-1.5289302092","176.306","6.4013","3.8422","12.2008057394","1.5289302092","798.544034161","545.318","0.658536585366","5.38247","0","0.372486","0.302537","0.0141245","0.000962148","107.4511159996","16.541779999847","0.99997649999864"
"16.540589132","107.452256219","1.8","2","2","8.30422","0.022173","301.008","0.474509591137","205.995","10.501","9.29549","0.0035179295221","-0.474509591137","0.155657584772","545.048","0.658536585366","3.42566","0","0.388802","0.302522","0.00284412","0.013351","107.45225621945","16.540589131983","1.7999764999986"
"16.4741350316","107.461155341","0","0","11","212.571","0.00839532","309.697","1.18036265158","240.299","32.9964","25.8142","0.00409061142864","-1.18036265158","0.0183188319745","531.159","0.06009687277","138.09","0","0.308614","0.129889","0.0265081","0.0547146","107.46115534115","16.474135031606","-2.3500001361754E-5"
"16.4527198822","107.455206688","0","0","14","91.0997","0.0299944","129.635","1.16520036011","160.001","11.643","8.49472","0.00454118555079","-1.16520036011","0.198592383608","527.267","0.47946148945","11.5681","0","0.176626","0.0885909","0.196319","0.00189978","107.45520668824","16.452719882217","-2.3500001361754E-5"
"16.4432020386","107.446878575","0","0","14","141.031","0.0159799","236.394","-2.32850689429","213.709","18.8703","13.2891","0.00396362533665","2.32850689429","0.0724812659861","525.561","0.169701349195","52.8066","0","0.107319","0.0821101","0.0773863","0.0103408","107.44687857489","16.443202038643","-2.3500001361754E-5"
"16.4046547701","107.453897985","0","0","14","117","0.0525887","117.734","-1.11793126325","174.523","9.47765","5.01037","0.00449162015595","1.11793126325","0.787493451852","537.215","0.040197947169","10.4411","0","0.119379","0.0769172","0.316962","0.0944443","107.4538979849","16.404654770102","-2.3500001361754E-5"
"16.3908538963","107.452827227","0","0","14","116.914","0.014393","60.0226","-2.02169466569","161.213","13.3095","7.27346","0.00176534373365","2.02169466569","0.136611851106","540.818","0.135855773864","25.5978","0","0.160928","0.0440975","0.323871","0.0279123","107.4528272269","16.39085389629","-2.3500001361754E-5"
"16.455118","107.569805","2.18","2","3","7.82324","0.00834651","136.651","-0.297582772992","176.236","1.6992","1.98117","0.000290281400351","0.297582772992","0.247175822949","547.835","0.653963018087","7.50485","0","0.632115","0.780402","0.0159369","0.000730341","107.5698049997","16.455117999996","2.1799764999985"
"16.4557120004","107.57163","1.8","2","2","8","0.667718","209.44","0.037443518807","183.141","1.04366","2.01939","0.0237175561547","-0.037443518807","14.1228050384","547.626","0.671967787243","8.83152","0","0.632871","0.830244","0.0138523","0.001613","107.57163000022","16.455712000409","1.7999764999986"
"16.461534","107.568616","2.4","2","2","6","0.103902","320.091","0.0187534087425","179.506","2.36556","2.77395","0.468147612246","-0.0187534087425","27.7156696614","547.135","0.658536585366","4.67683","0","0.775079","0.850707","0.00111386","0.00221961","107.56861599973","16.461533999994","2.3999764999985"
"16.4672348429","107.567967901","2.2","2","2","6","0.232702","327.196","0.537901852452","179.596","1.89903","1.10097","0.00410315397466","-0.537901852452","11.0873728372","546.69","0.658536585366","2.75627","0","0.861831","0.836519","0.0280395","0.00226106","107.5679679015","16.467234842914","2.1999764999985"
"16.4667139997","107.57348","1.9","2","1","8","0.0117468","36.4369","-0.0971651579599","177.834","1","0.802871","0.00015870011761","0.0971651579599","6.17996332478","547.045","0.588373796552","2.14413","0","0.892487","0.898872","0.0190312","0.00129976","107.5734800001","16.466713999651","1.8999764999985"
"16.4697100002","107.56823","1.8","2","2","7","0.00852271","292.461","0.36356892088","184.445","1","1.8151","0.00027413017517","-0.36356892088","0.853698796378","546.507","0.661483004468","3.48594","0","0.887403","0.831692","0.0342869","0.00181864","107.56822999991","16.469710000216","1.7999764999986"
"16.4718999996","107.5633","2.3","2","14","2.5574","0.0117033","272.898","0.818065305842","186.101","3.32216","2.8098","0.00057205145892","-0.818065305842","0.350915359817","546.202","0.658536585366","3.94746","0","0.859604","0.754064","0.00267997","0.0025549","107.56330000009","16.471899999585","2.2999764999986"
"16.4732000002","107.5599","2.2","2","14","2.50023","0.0462604","76.7878","1.07864803484","174.351","4.50008","3.36656","0.00230595266146","-1.07864803484","1.34362973891","546.018","0.658536585366","4.37916","0","0.839946","0.69242","0.00354565","0.00377227","107.55989999979","16.47320000018","2.1999764999985"
"16.4732000002","107.5599","2.63","3","14","2.50023","0.0462604","76.7878","1.07864803484","174.351","4.50008","3.36656","0.00230595266146","-1.07864803484","1.34362973891","546.018","0.658536585366","4.37916","0","0.839946","0.69242","0.00354565","0.00377227","107.55989999979","16.47320000018","2.6299764999985"
"16.4632099145","107.560378936","1.92","2","14","6.95068","0.0144612","261.637","-0.102324260044","184.166","2","1.66648","0.000425832830547","0.102324260044","2.6626733469","546.785","0.634146341463","1.85547","0","0.74498","0.671434","0.0714551","0.00847993","107.56037893554","16.463209914506","1.9199764999985"
"16.4754939998","107.560823","1.9","2","5","7.20032","0.0157448","95.7492","-0.417655707281","170.521","4.48636","4.17079","0.00120006060014","0.417655707281","0.234029951892","545.879","0.658536585366","6.74646","0","0.850706","0.693262","0.0106294","0.000820398","107.56082300008","16.475493999848","1.8999764999985"
"16.4817210001","107.568865","2.65","3","2","6","0.00983205","1.73546","-0.25168955697","180","1.00483","0.00483416","1.1588461343E-5","0.25168955697","9.88024405081","545.991","0.681565009358","3.86188","0","0.916073","0.746813","0.0688492","0.00197066","107.56886500042","16.481721000124","2.6499764999985"
"16.4818620003","107.573016","2.05","2","4","5.52853","0.650558","142.183","-0.412811408604","175.586","4.15714","2.84945","0.0336314967524","0.412811408604","48.2958600359","546.092","0.634146341463","2.32446","0","0.963978","0.812277","0.0112566","0.000186612","107.57301600029","16.481862000331","2.0499764999986"
"16.471302633","107.56545671","2.16","2","1","7.08166","0.0175359","45.0033","-0.36864202098","176","2.61604","1.9777","0.000605052822902","0.36864202098","0.506746555421","546.307","0.67633800949","1.47236","0","0.869728","0.792022","0.0495366","0.00133263","107.56545671016","16.47130263301","2.1599764999985"
"16.4725819996","107.565145","2.4","2","1","6","0.0272823","124.864","0.0980466161808","181.744","1.28372","0.740368","0.000357408056681","-0.0980466161808","17.0186609423","546.203","0.682926829268","1.44164","0","0.87518","0.784987","0.05991","0","107.56514499974","16.47258199956","2.3999764999985"
"16.4734234233","107.567312208","2.5","2","2","6.20567","0.00861866","45.307","0.349656321633","176.091","1.30781","1.90291","0.000283598383481","-0.349656321633","0.492920810567","546.201","0.682926829268","2.05586","0","0.896836","0.807841","0.0522899","0.00384219","107.56731220849","16.473423423252","2.4999764999986"
"16.4844269999","107.564955","1.6","2","2","6.38556","0.124679","318.871","-0.462735895329","185.662","4.91823","3.04399","0.0123377466302","0.462735895329","6.36205596623","545.459","0.658536585366","4.00544","0","0.797126","0.720282","0.00938693","0.00149685","107.56495499997","16.484426999906","1.5999764999985"
"16.4618300002","107.569403","1.53","2","4","6","0.50516","191.019","-0.173663555222","183.241","2.75214","1.88795","0.0186854593144","0.173663555222","31.0858798472","547.136","0.682926829268","3.4487","0","0.780198","0.855483","0.0149388","0.000663744","107.56940300005","16.461830000154","1.5299764999986"
"16.4579599998","107.574835","1.9","2","1","7","0.010098","269.589","-0.520488237838","185.95","3.47476","1.60688","0.000287536360935","0.520488237838","0.451539475817","547.563","0.682926829268","6.54767","0","0.671252","0.907246","0.0181845","0.00100761","107.57483499964","16.457959999754","1.8999764999985"
"16.4565399999","107.5758","0.7","1","1","7","0.0289517","209.613","-0.133989399349","180","1.26346","1.30186","0.000634364287725","0.133989399349","1.49541944492","547.684","0.625353341079","7.0546","0","0.6278","0.883925","0.0553824","0.00259336","107.57580000007","16.456539999921","0.69997649999846"
"16.4550830002","107.575377","0.2","0","2","9.54181","0.0199688","282.382","0.14397975676","199.646","7.02788","6.28308","0.00246118571146","-0.14397975676","0.22632105384","547.768","0.660275899517","7.5452","0","0.597065","0.856036","0.0980278","0.00183494","107.57537700035","16.45508300018","0.19997649999846"
"16.4562459999","107.572647","2.3","2","4","6.57466","0.544765","338.901","-0.789159569077","180","2.20908","0.944015","0.00877235014783","0.789159569077","55.7847150422","547.62","0.658536585366","9.49235","0","0.649371","0.850178","0.0119297","0.001539","107.57264700036","16.456245999853","2.2999764999986"
"16.4632099145","107.560378936","1.92","2","14","6.95068","0.0144612","261.637","-0.102324260044","184.166","2","1.66648","0.000425832830547","0.102324260044","2.6626733469","546.785","0.634146341463","1.85547","0","0.74498","0.671434","0.0714551","0.00847993","107.56037893554","16.463209914506","1.9199764999985"
"16.4643510004","107.563803","2.65","3","2","8","0.0359017","108.326","-0.273972311263","178.945","1.14884","1.28752","0.000790105230327","0.273972311263","13.616955701","546.792","0.658536585366","2.8423","0","0.806869","0.769377","0.0285728","0.000411126","107.56380299991","16.464351000398","2.6499764999985"
"16.4770149998","107.556414","2.55","3","4","4.18557","0.00825764","47.3645","0.0135994176206","166.361","4.92525","5.89906","0.000853582639237","-0.0135994176206","0.0837681974088","545.673","0.652737940826","3.71505","0","0.795709","0.606175","0.00146277","0.00182727","107.55641400001","16.477014999842","2.5499764999986"
"16.4917650002","107.537312","1.9","2","1","5","0.64769","299.632","-0.203452970558","179.246","1.93435","1.18847","0.0129998188627","0.203452970558","24.6058387165","544.808","0.682926829268","2.5736","0","0.296272","0.316245","0.0597232","0.00156303","107.53731200045","16.491765000155","1.8999764999985"
"16.4866940001","107.555167","1.58","2","4","5","0.0219093","126.689","-0.353776383906","178.057","1","1.19641","0.000590465560164","0.353776383906","5.50845132074","545.136","0.658536585366","3.64794","0","0.669235","0.521596","0.0183427","0.0150586","107.55516700006","16.486694000128","1.5799764999986"
"16.4530036687","107.550639437","2.2","2","18","3.92321","810.264","147.61","-0.162983393626","172.479","4.67856","4.54298","67.1016996429","0.162983393626","86.9010543223","547.481","0.710679639454","0","40.3194","0.785182","0.387499","0.00634712","0.0029261","107.55063943696","16.453003668684","2.1999764999985"
"16.4608930001","107.552816","1.6","2","14","7","0.00844648","93.7524","-0.473464865804","177.159","1.4814","1.61004","0.000241062705898","0.473464865804","3.18065381032","547.036","0.634146341463","1.82419","0","0.692998","0.509617","0.0752897","0.0222043","107.55281599956","16.460893000112","1.5999764999985"
"16.4529617459","107.540133032","1.5","2","5","4.77065","619.166","158.265","0.211678744872","174.916","5.2643","5.21686","56.2995477054","-0.211678744872","70.5560872296","546.045","0.658536585366","2.85128","0","0.637307","0.26768","0.0126317","0.00108766","107.54013303161","16.452961745888","1.4999764999986"
"16.459004092","107.554743267","1.8","2","5","4","0.0129946","135.443","0.717912091815","177.282","2.38852","1.52199","0.000674632230785","-0.717912091815","0.709562069083","547.198","0.634146341463","2.68303","0","0.675268","0.513898","0.134114","0.017936","107.55474326739","16.459004091965","1.7999764999986"
"16.4591305771","107.551412283","1.6","2","14","4.37428","0.019722","359","0.467279798914","180","1.12476","1","0.000383053801165","-0.467279798914","1.24088847835","547.128","0.658536585366","1.39652","0","0.680563","0.476415","0.0426392","0.0144301","107.55141228285","16.459130577114","1.5999764999985"
"16.4596991087","107.550121323","1.5","2","14","2.25031","0.0107193","336.663","0.89171645249","184.211","4.76059","6.87136","0.00148689290228","-0.89171645249","0.113775177302","547.072","0.635814024417","2.2167","0","0.693094","0.468387","0.000233927","0.00464609","107.55012132314","16.459699108727","1.4999764999986"
"16.4582220001","107.542861","1.7","2","5","5.87748","0.00824654","77.9606","-0.499817854792","176.624","3.27124","2.68792","0.000389732993893","0.499817854792","0.206585264837","547.111","0.65248664126","6.30742","0","0.703327","0.313347","0.096144","0.00281364","107.54286100004","16.458222000145","1.6999764999985"
"16.4581389999","107.539056","2.2","2","5","4","0.0179682","222.027","-0.481495342623","183.48","1.7032","1.42464","0.00109979004888","0.481495342623","7.80861848792","545.209","0.656787219449","3.51175","0","0.60968","0.259104","0.0106969","0.00704381","107.53905599993","16.458138999915","2.1999764999985"
"16.4580786392","107.537402565","0.8","1","4","7.9398","0.278805","109.523","-0.706418114512","171.256","5.94657","3.46334","0.0160771831993","0.706418114512","8.05356531902","545.217","0.627803066042","3.2376","0","0.582467","0.250199","0.0133191","0.000626954","107.53740256488","16.458078639218","0.79997649999859"
"16.4544174947","107.535839927","1.6","2","5","6","0.0407551","226.021","0.29929293612","182.167","2.41946","1.84834","0.00116774277301","-0.29929293612","1.45527968297","545.817","0.658536585366","2.695","0","0.593455","0.245551","0.0519028","0.0169764","107.53583992717","16.454417494672","1.5999764999985"
"16.4887400001","107.555212","2.1","2","5","3","0.0736971","10.1836","0.549512450819","179.033","2.00976","0.482008","0.000555272671959","-0.549512450819","57.0778088043","545.068","0.658536585366","3.16625","0","0.660953","0.493964","0.00193226","0.000517048","107.55521200033","16.488740000051","2.0999764999985"
"16.483398135","107.552769072","1.9","2","3","2","0.0190777","73.6979","0.870881035693","180","3","1.01593","0.000537271863554","-0.870881035693","7.08227231045","545.236","0.658536585366","3.28739","0","0.629758","0.490159","0.00339514","0.00701062","107.55276907204","16.483398135016","1.8999764999985"
"16.4951390002","107.556","2.8","3","3","1","0.238169","102.995","-0.107992834103","180.038","1","0.58114","0.00293794980127","0.107992834103","77.6457352461","545.305","0.72936817466","0.352235","0","0.64035","0.428063","0.0676865","0.0081968","107.5559999998","16.495139000165","2.7999764999986"
"16.497028","107.555444","1.9","2","3","2","0.0084919","27.9549","-0.149345301803","177.459","1.36466","1.27068","0.000199300396844","0.149345301803","4.50045985776","545.302","0.707317073171","3.67098","0","0.608954","0.422326","0.0216374","0.0196389","107.55544400024","16.497028000042","1.8999764999985"
"16.4855690148","107.556906691","2","2","14","2.46953","0.0695034","332.59","0.386703615631","180.269","2.82318","2.82318","0.00306958184928","-0.386703615631","1.2562772309","545.215","0.634146341463","2.36871","0","0.701069","0.55858","0.0301215","0.00294394","107.55690669089","16.485569014798","1.9999764999986"
"16.4950159999","107.566182","2.8","3","3","5","0.0270615","303.04","-0.400403190607","185.974","4.37122","2.62804","0.00126414901018","0.400403190607","0.615248915377","545.592","0.658536585366","1.22952","0","0.762318","0.529871","0.0366044","0.00977186","107.5661819999","16.495015999889","2.7999764999986"
"16.4919440003","107.557694","2.1","2","14","4","0.0211569","256.865","-0.395245506483","185.717","2.17933","1.62834","0.000658832000491","0.395245506483","0.820632032255","545.045","0.658536585366","3.77275","0","0.68898","0.49101","0.0896649","0.00759817","107.55769399968","16.491944000315","2.0999764999985"
"16.4503195791","107.569546051","2.15","2","10","5.28998","0.0274759","64.8414","-0.459766912638","175.335","6.43038","5.42342","0.00256221796727","0.459766912638","0.309300979359","548.083","0.466913645894","10.2541","0","0.601243","0.678248","0.0506689","0.000950727","107.56954605071","16.450319579085","2.1499764999985"
"16.465161","107.560504","2","2","1","6","0.0279565","0","-0.046586476388","180","0.592696","0","2.79445674123E-5","0.046586476388","27.5398582129","546.64","0.682926829268","2.74423","0","0.769357","0.70405","0.120648","0.00215083","107.56050399976","16.46516099998","1.9999764999986"
"16.465161","107.560504","1.9","2","1","6","0.0279565","0","-0.046586476388","180","0.592696","0","2.79445674123E-5","0.046586476388","27.5398582129","546.64","0.682926829268","2.74423","0","0.769357","0.70405","0.120648","0.00215083","107.56050399976","16.46516099998","1.8999764999985"
"16.462879","107.571609","0.9","1","1","6.62111","0.0100345","152.178","-0.312651021715","178.059","3.52255","2.60735","0.000494480740908","0.312651021715","2.67965217231","547.12","0.658536585366","7.11941","0","0.807741","0.882675","0.0104302","0.000105515","107.57160900016","16.462878999966","0.8999764999985"
"16.4653529998","107.574551","2","2","1","7","0.095581","0","-0.0437917539295","180","1.66897","0","8.922751077E-5","0.0437917539295","85.3819871935","547.167","0.658536585366","2.76038","0","0.873497","0.913077","0.0233238","0.00172263","107.57455100003","16.465352999841","1.9999764999986"
"16.4683820937","107.571883784","1.6","2","2","6.02686","0.0413317","71.2523","-0.0974438904771","164.32","3.97967","5.21344","0.0034911821414","0.0974438904771","0.539240362521","546.887","0.650220226235","3.1443","0.0149553","0.901893","0.883201","0.00369133","3.9188E-5","107.57188378441","16.468382093659","1.5999764999985"
"16.5220180004","107.515912","1.2","1","3","3.8846","0.092925","142.853","-0.168521647258","174.106","3.57695","3.16799","0.0051505315622","0.168521647258","3.20727706556","546.791","0.731597386017","3.12429","0","0.764379","0.340316","0.0612875","0.00085282","107.51591200014","16.52201800043","1.1999764999985"
"16.5021390001","107.475639","2.2","2","5","8","0.0157756","0","0.0908262712171","180","1.06868","0","1.57872161083E-5","-0.0908262712171","15.6605014433","539.986","0.756097560976","0.918225","0","0.195041","0.309711","0.378718","0.0185276","107.47563900004","16.502139000115","2.1999764999985"
"16.3816620003","107.56235","5","5","3","7","0.222891","192.932","2.41167525335","176.674","8.9227","4.0552","0.0161737368874","-2.41167525335","25.4245402327","547.408","0.682926829268","5.09248","0","0.465074","0.197379","0.181468","0.0311005","107.56235000035","16.381662000301","4.9999764999986"
"16.3971460003","107.573887","0.5","0","5","9","0.00833036","213.31","-0.116241286915","177.684","4.15776","2.90608","0.0004239169856","0.116241286915","0.193528996003","546.465","0.658536585366","8.74194","0","0.44429","0.261987","0.0220995","0.000637362","107.57388699999","16.397146000288","0.49997649999864"
"16.4501389997","107.533889","2.5","2","14","7.95549","1483.95","139.561","-0.438871397625","173.391","5.64472","3.90655","90.4151850758","0.438871397625","140.527270623","546.543","0.707317073171","3.27238","0","0.593432","0.240692","0.0046249","0.00158035","107.53388899998","16.450138999715","2.4999764999986"
"16.450673572","107.525150912","2","2","14","4.55138","16.5416","172.984","0.786665390371","172.622","5","5.43755","1.55046508777","-0.786665390371","32.6571538464","546.61","0.634146341463","4.03031","0","0.489252","0.213828","0.00523663","0.014148","107.52515091179","16.450673572028","1.9999764999986"
"16.453566513","107.525333553","1.65","2","14","4.81691","37.9137","256.985","0.766329811869","197.353","3.92014","5.68616","3.66431017781","-0.766329811869","37.4228162927","546.114","0.658536585366","2.38665","0","0.485103","0.208869","0.00346629","0.000696505","107.5253335533","16.453566512984","1.6499764999985"
"16.453771366","107.524508024","2","2","5","5","0.00911209","105.047","0.493194924814","172.914","1.95879","2.2344","0.0222608983459","-0.493194924814","19.4143178839","546.098","0.640389950975","3.55003","0","0.470063","0.203677","0.0176162","0.00276419","107.52450802423","16.453771365956","1.9999764999986"
"16.4744999999","107.535333","1.6","2","3","2","0.00834742","0","0","180","0","0","9.61619557916E-6","0","9.56902148305","545.709","0.707317073171","1.8474","0","0.424638","0.287587","0.0823437","0.0220448","107.53533300002","16.474499999875","1.5999764999985"
"16.4716669996","107.526056","1.8","2","5","2.09616","8.63293","96.5763","0.5047302978","176.624","1.7758","1.46507","0.221648196498","-0.5047302978","579.666005301","546.093","0.658536585366","3.28698","0","0.372768","0.223935","0.00693056","0.00206117","107.52605600028","16.471666999632","1.7999764999986"
"16.4667050001","107.521876","1.7","2","5","4.21928","0.00917577","77.0586","-0.247123756425","175.295","2.26536","1.54749","0.000244983848809","0.247123756425","0.408230390976","546.603","0.658536585366","2.96587","0","0.375951","0.18329","0.0744033","0.00181027","107.52187599998","16.466705000136","1.6999764999985"
"16.472222","107.517028","1.4","1","5","3","0.0136533","0","0","180","0","0","1.36532651964E-5","0","13.5607092508","546.275","0.634146341463","1.65592","0","0.26058","0.162753","0.0213004","0.00652234","107.51702800034","16.472222000045","1.3999764999985"
"16.4875560003","107.519917","1.6","2","14","6","0.00960346","0","-0.104539080853","180","0.940852","0","9.61280038952E-6","0.104539080853","9.56683941598","545.23","0.658536585366","5.32662","0","0.226801","0.259585","0.0744374","0.00890881","107.51991699957","16.487556000309","1.5999764999985"
"16.489982418","107.51908349","1.2","1","2","5","0.0170868","309.515","0.361895537757","183.948","1","1.66389","0.000465095496725","-0.361895537757","1.48640851407","545.168","0.58000861907","4.82994","0","0.234256","0.263662","0.0744294","0.000588455","107.51908348991","16.489982417954","1.1999764999985"
"16.4846110003","107.517389","1.5","2","14","6","19.8605","222.692","0.371913581779","183.457","1.24021","1.43499","0.486600681842","-0.371913581779","928.714376646","545.418","0.684144022919","1.16995","0","0.216604","0.248452","0.00167441","0.00185718","107.5173889999","16.484611000297","1.4999764999986"
"16.4723740943","107.506147479","0.5","0","5","5.09204","0.0286812","46.3464","-0.0349060855115","175.739","2.40123","2.05214","0.00102245069459","0.0349060855115","0.795829965598","549.991","0.658536585366","6.48472","0","0.247938","0.14477","0.0813332","0.0139774","107.50614747882","16.472374094289","0.49997649999864"
"16.4745645109","107.505347503","1.5","2","5","5","0.0105152","331.504","0.243813356712","180.682","1.24433","1.07684","0.000203717220202","-0.243813356712","1.06229120273","549.596","0.658536585366","4.48109","0","0.24918","0.157686","0.10114","0.00315067","107.50534750308","16.474564510943","1.4999764999986"
"16.4885569997","107.514046","1.1","1","3","4","0.0176413","264.722","-0.0365607026085","185.944","2.01405","1.47177","0.000476964287033","0.0365607026085","0.81885865881","549.826","0.626627001311","2.68208","0","0.228692","0.26754","0.0702798","0.00147521","107.51404600042","16.488556999706","1.0999764999985"
"16.4873889998","107.516778","1","1","14","5","13.8234","208.283","0.440382239958","178.945","1","1.0091","0.288094032093","-0.440382239958","569.854314218","550.227","0.658536585366","4.34072","0","0.227437","0.262555","0.0030311","0.00253517","107.5167779996","16.487388999803","0.99997649999864"
"16.4915560004","107.508028","1.6","2","4","3.57872","7.4898","242.818","-0.480141477451","185.941","1.71782","2.18856","0.293017719839","0.480141477451","57.690915163","548.759","0.682926829268","0.844903","0","0.21095","0.273577","0.00270666","0.00154633","107.50802799989","16.491556000409","1.5999764999985"
"16.4976740002","107.506532","1.4","1","3","4.90702","0.0145341","224.678","-1.46743993569","185.267","3.13242","2.12918","0.000553313255217","1.46743993569","0.388411489038","545.189","0.690749565344","1.1559","0","0.263756","0.304037","0.0798704","0.0110299","107.50653200015","16.497674000155","1.3999764999985"
"16.4857220003","107.566972","2","2","1","7","0.0823547","325.754","-0.648810609765","184.672","2.9283","2.09059","0.00698352490003","0.648810609765","3.69450679548","545.456","0.658536585366","2.57785","0","0.820357","0.724193","0.0149099","0.000638925","107.56697200036","16.48572200027","1.9999764999986"
"16.5030829996","107.542139","2.5","2","3","1","0.0202522","42.4894","-0.178522404871","179.898","1","0.269206","0.000135426222543","0.178522404871","14.0166771425","544.931","0.707317073171","8.39727","8.77645","0.396674","0.302834","0.0733749","0.0246455","107.54213900001","16.503082999581","2.4999764999986"
"16.5160527919","107.570767224","2.1","2","3","1.8154","0.178873","248.302","-0.25794046714","192.437","2.91535","3.58578","0.0107217380712","0.25794046714","19.3045660458","546.66","0.658536585366","1.77797","0","0.61138","0.294885","0.0398366","0.00167481","107.57076722393","16.516052791903","2.0999764999985"
"16.5030620004","107.574555","2.3","2","2","4","0.00889475","95.0192","-0.0331329298799","177.776","2","0.825393","0.000134897598438","0.0331329298799","1.86782591951","545.955","0.658536585366","5.02352","0","0.72501","0.401929","0.0318705","0.000337697","107.57455500021","16.503062000411","2.2999764999986"
"16.5149999997","107.571222","2.5","2","2","3.60017","0.137667","357.868","0.0481976183096","180.005","1.99351","1.93242","0.00326920910475","-0.0481976183096","6.32526770557","546.581","0.658536585366","1.15916","0","0.621962","0.297211","0.0510202","0","107.5712220003","16.51499999965","2.4999764999986"
"16.5280279997","107.565528","2.6","3","2","1.64781","0.00932883","217.803","-0.194651957307","178.207","1.45073","1.44824","0.000235619832536","0.194651957307","0.413278849943","547.724","0.615488833166","3.5989","0","0.539656","0.262311","0.00348993","0.000473893","107.56552800032","16.528027999692","2.5999764999985"
"16.5121620001","107.571966","2.2","2","5","3","0.0140677","217.754","-0.118240347334","182.379","0.532082","1.00377","0.000247605724772","0.118240347334","1.22007294367","546.412","0.658536585366","4.67134","0","0.636879","0.309307","0.0501222","0.00509381","107.57196600043","16.512162000076","2.1999764999985"
"16.499875","107.570936","1.65","2","2","4","0.0364042","134.336","-0.0470988404759","182.497","1.49939","0.499391","0.000348755765542","0.0470988404759","18.1869891601","545.77","0.658536585366","4.6636","0","0.753991","0.438466","0.0176811","0.00275243","107.5709359997","16.499875000031","1.6499764999985"
"16.5257780003","107.468722","1.4","1","5","8.99195","0.00945549","206.065","-0.243606577277","185","2.11218","2.99641","0.000494538123373","0.243606577277","0.180116226477","544.59","0.651072938059","6.62407","0","0.385738","0.344526","0.0747695","0.00476444","107.46872200032","16.525778000255","1.3999764999985"
"16.5096670001","107.487111","1.45","1","5","7","0.00827465","94.1901","0.0725759320089","181.231","1","0.710474","0.000107242620728","-0.0725759320089","4.57145487364","543.874","0.658536585366","3.95188","0","0.280794","0.338014","0.0527718","0.000631501","107.48711100027","16.509667000132","1.4499764999985"
"16.518361","107.48375","1.05","1","5","6","0.0283713","25.2653","-0.065428923583","178.892","2.46763","0.329881","0.000175780038665","0.065428923583","21.5451053138","544.504","0.657957664461","3.12369","0","0.348449","0.328089","0.0626893","0.0063198","107.48374999996","16.51836099996","1.0499764999986"
"16.5099440003","107.507361","1.9","2","14","2.72592","0.33283","63.129","0.0793061239205","177.461","1","0.782215","0.00420837882263","-0.0793061239205","110.304503785","545.747","0.634146341463","1.95878","0","0.475181","0.337827","0.0561315","0.0103432","107.50736099971","16.509944000315","1.8999764999985"
"16.4188300002","107.569778","4.9","5","14","9","0.0251485","25.8711","-0.353844199052","178.837","3.30757","0.290687","0.000168707692942","0.353844199052","18.0329393632","546.9","0.549283423419","6.4053","0","0.398308","0.321559","0.0451048","0.00375673","107.56977800025","16.418830000204","4.8999764999985"
"16.4687000004","107.5894","2.1","2","18","1","743.057","0","0","180","0","0","0.742932489732","0","6601.68525635","547.219","0.658536585366","0","92.64","0.741603","0.937928","0.0100689","0.00087966","107.58940000041","16.468700000405","2.0999764999985"
"16.4866288802","107.596439704","1.8","2","1","3","0.00830811","148.091","0.0873326442521","177.754","2.13932","1.64889","0.000286060600853","-0.0873326442521","0.523824025638","546.762","0.658536585366","2.49232","0","0.728545","0.6409","0.00357388","0.00658934","107.59643970363","16.486628880219","1.7999764999986"
"16.4726409996","107.599342","2.03","2","1","4.63033","0.95361","225.771","-0.0427319285116","193.948","5.99462","5.84452","0.0980098869467","0.0427319285116","6.71175263575","547.364","0.658536585366","2.75708","0","0.622989","0.783216","0.00912337","0.000626702","107.59934200023","16.472640999582","2.0299764999986"
"16.4815952947","107.600495158","0.96","1","3","3","0.0167201","216.893","0.742610877542","181.779","2.43108","1.46217","0.00131162460554","-0.742610877542","2.66592227941","546.94","0.658536585366","1.99249","0","0.643039","0.645107","0.0849852","0.0107825","107.60049515773","16.481595294687","0.95997649999845"
"16.4704419998","107.605957","1.55","2","1","4.68","0.159502","89","-0.168655818627","171","2.44","3","0.00923049926053","0.168655818627","2.7890390346","547.457","0.642530036864","2.82576","0","0.551188","0.659646","0.0116338","0.000456788","107.60595700042","16.470441999798","1.5499764999986"
"16.4702200004","107.595234","1.7","2","1","9.65291","0.0208005","35.8185","0.0479226331707","175.104","3.74365","2.82291","0.00100367303784","-0.0479226331707","0.420958234207","547.493","0.61429895067","3.7941","0","0.677526","0.85367","0.069864","0.000732351","107.59523399965","16.470220000353","1.6999764999985"
"16.4665540004","107.597498","1.45","1","1","8.50964","0.0997168","97.8752","-1.01570748593","177.76","4","4.53142","0.0077244779836","1.01570748593","1.23852043377","547.708","0.682926829268","3.72406","0","0.619405","0.789517","0.0986707","0.00420055","107.59749799973","16.466554000367","1.4499764999985"
"16.459272","107.582747","1.5","2","1","8.61619","0.00832086","237.361","0.343723266493","191.071","4.96087","4.40177","0.00064079941685","-0.343723266493","0.114801726525","547.754","0.649647722428","2.66866","0","0.643437","0.918372","0.0662314","0.00101107","107.58274700027","16.459272000003","1.4999764999986"
"16.4594239998","107.589017","1.2","1","2","7","0.15463","66.4901","-0.0158368896761","172.338","3","3.14818","0.00849580322973","0.0158368896761","2.77297080701","547.83","0.682926829268","4.82804","0","0.618897","0.874156","0.107769","0.000877213","107.58901699983","16.459423999818","1.1999764999985"
"16.4568410003","107.594075","1.7","2","1","7.47842","1.97621","333.504","-0.374086624448","181.07","3.0643","2.92851","0.104364347603","0.374086624448","27.6188895715","548.241","0.682926829268","1.31471","0","0.545456","0.778149","0.0173325","0.000283733","107.59407500016","16.456841000312","1.6999764999985"
"16.4557710004","107.588291","1.1","1","2","4.49993","0.0142289","338.06","0.37147651809","186.185","5.86333","5.32302","0.0045515162951","-0.37147651809","0.531870900969","548.04","0.587450510613","1.4312","0","0.553318","0.828704","0.00360279","6.66026E-5","107.58829099963","16.455771000431","1.0999764999985"
"16.4573199999","107.60425","1.3","1","2","5.62814","0.443489","102.454","-0.0379583277994","182.286","1","0.914093","0.00746514892613","0.0379583277994","200.794062272","547.748","0.552585153125","1.67156","0","0.511769","0.600709","0.0478114","0.0073195","107.60424999994","16.457319999918","1.2999764999986"
"16.4568550001","107.602696","1.5","2","2","4.9376","2.0356","228.12","-0.722583979063","184.979","3.63399","2.27988","0.0850737368182","0.722583979063","35.3534159896","548.201","0.682926829268","1.21695","0","0.507768","0.619916","0.0123813","0.000544517","107.60269600022","16.456855000058","1.4999764999986"
"16.4859720001","107.605444","1.5","2","3","2.19932","0.00840618","191.416","0.570799195591","179.53","2.46411","1.77422","0.000298996369392","-0.570799195591","0.372718801483","546.799","0.658536585366","2.13623","0","0.573929","0.502669","0.0571351","0.011608","107.60544400014","16.485972000108","1.4999764999986"
"16.4758999997","107.5836","2.15","2","1","6.28504","0.00823625","117.477","-0.273339198333","177.493","2","1.85296","0.000266463005659","0.273339198333","0.269451445474","546.663","0.658536585366","1.04428","0","0.957576","0.993247","0.0017571","0.000404909","107.58360000004","16.475899999685","2.1499764999985"
"16.4715983247","107.604521548","1.95","2","18","2.10391","2.03566","136.991","-0.0352851252338","176.461","3.70948","3.89777","0.130029297933","0.0352851252338","126.645991367","547.404","0.695319770558","1.29293","16.9352","0.547361","0.690125","0.000740325","0.00990389","107.60452154843","16.471598324703","1.9499764999985"
"16.4781540002","107.576841","3.1","3","5","3.24534","0.0128184","198.057","-0.509444839517","182.268","3.9271","2.73228","0.000575077121841","0.509444839517","5.28154590409","546.383","0.634146341463","3.52236","0","0.982309","0.930293","0.000251314","0.00514987","107.57684100041","16.478154000207","3.0999764999985"
"16.4811679998","107.580514","2.75","3","14","7.17037","0.0085322","278.234","-0.841685512834","189.407","5.30588","3.30458","0.000494573778649","0.841685512834","0.180907108159","546.306","0.658536585366","1.49303","0","0.969096","0.928057","0.00914332","0.000196657","107.58051399982","16.481167999803","2.7499764999986"
"16.4764040004","107.58349","2.2","2","2","6","0.0188927","89","0.359534332819","174.604","2.17479","1.5584","0.000482982689972","-0.359534332819","0.920874434633","546.63","0.658536585366","0.595502","0","0.961773","0.989","0.00576503","0.00137468","107.58349000036","16.476404000444","2.1999764999985"
"16.4754899997","107.582743","2.1","2","2","6","0.0764969","103.092","0.51831737288","177.774","1.41416","2.3906","0.0031437306768","-0.51831737288","1.85991165907","546.672","0.658536585366","0.11884","0","0.967568","0.994969","0.0318093","0.0037652","107.58274300009","16.475489999664","2.0999764999985"
"16.4731240003","107.581784","2.02","2","4","8","0.00947793","356.111","0.0795676757464","180.897","3.1041","2.69211","0.000447765764073","-0.0795676757464","0.30659548995","546.804","0.658536585366","2.51829","0","0.963679","0.99166","0.0734425","0.000318182","107.58178399993","16.473124000272","2.0199764999986"
"16.477213","107.589573","1.6","2","1","8","0.0136973","88.222","-0.231169455975","177.367","1.31777","1.31675","0.000295815674237","0.231169455975","5.57476064646","546.676","0.682926829268","6.75655","0","0.83321","0.942852","0.0461702","0.000768176","107.58957300029","16.47721299998","1.5999764999985"
"16.4831670003","107.586408","2.25","2","1","6","0.320576","282.5","0.0698471027656","185","2","1.29999","0.00690621520036","-0.0698471027656","13.5977925126","546.325","0.658536585366","2.55369","0","0.831159","0.854095","0.0354632","0.000294063","107.58640800003","16.483167000257","2.2499764999986"
"16.4941149997","107.584075","1.5","2","5","5","1.06127","264.033","0.363336248183","188.347","1.22059","2.9498","0.0548216388788","-0.363336248183","14.1030275015","546.003","0.658536585366","3.95903","0","0.810179","0.617859","0.0358099","0.0131378","107.58407500036","16.494114999708","1.4999764999986"
"16.4875429997","107.590008","1.5","2","1","6.01262","0.010457","96.8748","0.0993075703627","181.567","1.67753","0.775747","0.000154770724742","-0.0993075703627","5.89952213959","546.218","0.682926829268","2.01721","0","0.809381","0.710278","0.0432579","0.00576798","107.59000799967","16.48754299971","1.4999764999986"
"16.4764950001","107.595649","0.87","1","1","6","0.00823894","242.48","0.489864843281","180","1.58801","0.675433","0.000101270460461","-0.489864843281","3.06195313782","547.153","0.682926829268","5.38495","0","0.745261","0.821798","0.032828","0.000999332","107.5956489999","16.476495000144","0.86997649999853"
"16.4842541988","107.606182167","1.95","2","4","2","1.23546","203.857","0.394956849758","186.532","2.411","2.19905","0.0519728111292","-0.394956849758","212.804009675","546.845","0.658536585366","2.55115","0","0.548212","0.522314","0.00456759","0.00202926","107.60618216727","16.484254198772","1.9499764999985"
"16.4841380001","107.59735","1.1","1","2","5","0.00867493","67.5991","0.088364213773","177.382","1","0.862329","0.000139519668982","-0.088364213773","3.18053025266","546.839","0.665089068862","5.82205","0","0.699816","0.649077","0.0397261","0.000111212","107.5973500001","16.484138000069","1.0999764999985"
"16.4832","107.5989","1.75","2","2","4","0.0103838","54.9016","0.563010404119","180.946","1.08856","0.27784","7.64185047955E-5","-0.563010404119","7.83260414014","546.877","0.682926829268","3.56036","0","0.67357","0.635238","0.0440815","0.00078833","107.59889999964","16.48319999998","1.7499764999986"
"16.4820809601","107.600189534","1.45","1","3","3.1922","0.0170283","123.725","0.22445941484","173.296","2","2.54078","0.000756075273978","-0.22445941484","0.396073920037","546.921","0.682926829268","1.43261","0","0.648547","0.640337","0.0707714","0.00868876","107.60018953392","16.482080960068","1.4499764999985"
"16.4758822084","107.598375825","1.33","1","3","3","0.0118781","235.112","0.577008455941","181.443","1.33694","2.07827","0.000423854382257","-0.577008455941","1.24160642741","547.193","0.658536585366","0.812412","0","0.662809","0.764685","0.0883968","0.0177647","107.59837582528","16.475882208397","1.3299764999986"
"16.473187532","107.601380687","1.2","1","1","4.06088","0.00823445","207.456","1.045726349","179.035","3.16245","1.86256","0.000522227395245","-1.045726349","0.77303074823","547.332","0.611305599385","3.3174","0","0.583244","0.74128","0.067026","0.00226973","107.60138068687","16.473187531979","1.1999764999985"
"16.4706060002","107.594838","1.5","2","1","9.06145","0.011101","66.3736","-0.138371203095","174.978","4.31045","3.5429","0.000717771146121","0.138371203095","0.196973627879","547.47","0.682926829268","4.53193","0","0.685787","0.86051","0.0514232","0.000746116","107.59483800027","16.470606000167","1.4999764999986"
"16.4626320003","107.593864","1.75","2","1","6.4098","0.0831253","52.5916","-0.5156629472","174.971","2.75935","2.10172","0.00292995045033","0.5156629472","2.43479823346","547.928","0.658536585366","1.6377","0","0.650748","0.845178","0.0789607","0.00234095","107.59386400032","16.462632000267","1.7499764999986"
"16.4609269999","107.590066","1.7","2","2","10.5113","0.0210741","157.094","0.404695225723","174.201","4.17045","4.13801","0.00153477351456","-0.404695225723","0.365513231379","547.744","0.712519521299","3.39009","0","0.636761","0.884531","0.160475","0.00697635","107.59006599965","16.460926999881","1.6999764999985"
"16.4570160003","107.577162","0.68","1","2","11","0.0119808","179.188","-0.784905282092","180.029","3.00204","1.99121","0.000419755309412","0.784905282092","0.454982610035","547.685","0.657068911069","6.23921","0","0.628325","0.894605","0.0217085","0.00346849","107.57716199993","16.457016000288","0.67997649999847"
"16.4577469998","107.580971","0.75","1","2","8","0.023415","45.1371","0.872368092722","175.111","3.17015","1.92086","0.000763153642279","-0.872368092722","14.2964896435","547.816","0.682926829268","3.2037","0","0.625231","0.905873","0.0327324","0.00211589","107.58097100021","16.457746999824","0.74997649999864"
"16.4560590002","107.584454","1.9","2","1","8","0.245496","82.1879","0.146191151263","179.853","1.03684","0.505251","0.00279133362559","-0.146191151263","101.346344617","548.19","0.682926829268","2.46336","0","0.577322","0.86345","0.0524333","0.00432288","107.58445399985","16.456059000223","1.8999764999985"
"16.4570720002","107.589265","1.2","1","2","9","0.616025","211.847","-0.360534058793","183.776","2.17811","2.01723","0.0215987126204","0.360534058793","13.6792203702","547.974","0.682926829268","2.45602","0","0.575834","0.848671","0.0261017","0.00190307","107.58926499958","16.457072000173","1.1999764999985"
"16.455879","107.592048","1.3","1","2","4.77045","0.0120384","349.445","-0.181586023188","181.944","2.8197","4.21788","0.000871416844642","0.181586023188","0.181719430426","548.059","0.654778041214","2.36175","0","0.526117","0.791323","0.00529715","0","107.59204800022","16.455879000016","1.2999764999986"
"16.4577170002","107.589674","1.25","1","2","7.23966","0.324793","118.313","0.139057260522","175.85","3","2.33496","0.0126994479069","-0.139057260522","10.4176860418","547.939","0.682926829268","1.4392","0","0.585542","0.850274","0.0487026","0.00252632","107.58967399956","16.457717000239","1.2499764999986"
"16.4602945894","107.598090578","1.2","1","1","4","0.00866849","291.688","1.07064308075","178.345","4.74468","4.54788","0.000810823683155","-1.07064308075","0.210405308297","548.057","0.682926829268","7.26779","0","0.572685","0.749935","0.0633183","6.70773E-5","107.59809057832","16.460294589424","1.1999764999985"
"16.4551729998","107.586846","0.7","1","1","3.82313","0.0149952","306.365","1.27955162808","188.247","5.68051","4.18415","0.00129101996197","-1.27955162808","0.255596419287","548.277","0.65987822745","2.62314","0","0.552316","0.834308","0","1.74257E-6","107.58684600044","16.455172999834","0.69997649999846"
"16.4594188368","107.599136706","0.55","1","1","4","0.0570286","152.403","0.368300130195","182.011","1.94392","2.19034","0.00176343282504","-0.368300130195","35.1713216723","548.099","0.682926829268","3.30151","0","0.5515","0.722753","0.0925868","0.000357932","107.59913670569","16.45941883681","0.54997649999859"
"16.4669329999","107.599636","1.4","1","2","6.38826","0.0115522","187.163","-0.305801914393","180.876","2.77443","1.78192","0.000374999326725","0.305801914393","0.482472580962","547.683","0.68164602759","4.33168","0","0.601931","0.757625","0.112461","0.00217851","107.5996360003","16.466932999858","1.3999764999985"
"16.4679459998","107.599114","1.07","1","1","7","0.0226421","198.952","-0.12796320182","180.492","2.54657","0.689521","0.000269947994844","0.12796320182","8.70383883078","547.626","0.682926829268","1.31874","0","0.610875","0.772959","0.0865114","0.00167665","107.59911399961","16.467945999808","1.0699764999986"
"16.465981","107.598207","1.8","2","1","6.62065","0.0867268","331.898","-0.0639129207127","183.961","2.65534","2.12645","0.00321756071916","0.0639129207127","2.77811693343","547.74","0.682926829268","4.56539","0","0.609623","0.780036","0.0811993","0.00245484","107.59820700005","16.465981000023","1.7999764999986"
"16.4674169997","107.603528","1.55","2","1","5","0.0202834","160.598","0.154448651304","182.985","0.59702","0.59702","0.000237615746503","-0.154448651304","7.76155777247","547.638","0.682926829268","5.70395","0","0.566928","0.69769","0.0771415","0.00158845","107.60352799992","16.467416999695","1.5499764999986"
"16.4583930944","107.606417455","1.55","2","5","5","0.0172249","108.959","0.548278509047","178.996","1","2","0.000606450791534","-0.548278509047","0.492972682452","547.669","0.656453025338","1.17416","0","0.523926","0.576563","0.028095","0.00289359","107.6064174551","16.458393094366","1.5499764999986"
"16.4595559996","107.606361","1.3","1","1","6.37384","0.0156125","69.4079","-0.30287758083","179.482","2","0.436632","0.000102604520788","0.30287758083","11.9116809907","548.03","0.521149930777","1.92688","0","0.530105","0.590157","0.0410596","0.00171417","107.60636100016","16.45955599961","1.2999764999986"
"16.4588469669","107.609405199","1.66","2","3","4.97747","0.0250642","44.1195","-0.22330903742","176.01","1","1.98989","0.000869892069404","0.22330903742","0.795455867195","547.612","0.671942138588","2.75147","0","0.50987","0.518171","0.0615365","0.00330576","107.60940519899","16.458846966914","1.6599764999985"
"16.4599970002","107.605297","1.6","2","1","7","0.0126505","161.598","-0.311809452523","181.355","2","2.12043","0.000743669912888","0.311809452523","0.473231890099","548.02","0.682926829268","3.8155","0","0.532936","0.612456","0.0684761","0.00176888","107.60529699966","16.459997000161","1.5999764999985"
"16.4650619999","107.579967","1.6","2","3","6.92424","0.0496392","318.873","-0.877576977804","184.45","4","2.13214","0.0020949585951","0.877576977804","1.49879815458","547.315","0.658536585366","5.79652","0","0.83841","0.959561","0.00761991","0.00226793","107.57996699978","16.465061999911","1.5999764999985"
"16.4552220003","107.621583","1.97","2","3","1","0.97467","47.8621","0.17041977683","180.89","1","0.177926","0.0135663103555","-0.17041977683","202.926377815","548.016","0.682926829268","0.457828","0","0.520255","0.300651","0.00134095","0.0424066","107.62158299976","16.455222000295","1.9699764999984"
"16.4769500004","107.589045","1.5","2","1","7","0.00858345","267.302","0.362652190145","181.176","1.24814","1.0683","0.000157960749187","-0.362652190145","1.93300227295","546.685","0.682926829268","3.74971","0","0.853965","0.95708","0.0464882","0.000260936","107.58904500023","16.476950000442","1.4999764999986"
"16.4831680003","107.586408","2.25","2","1","6","0.321028","282.597","0.0709300973725","185","2","1.30216","0.0069235560005","-0.0709300973725","13.6022759571","546.325","0.658536585366","2.55521","0","0.831155","0.854063","0.0354288","0.00029396","107.58640800003","16.483168000303","2.2499764999986"
"16.4877219999","107.576639","1.5","2","14","5.21506","0.0109327","62.1663","-0.960756804806","159.763","6.875","9.29086","0.00179326209634","0.960756804806","0.0728778726409","545.959","0.644090469934","3.80477","0","0.932896","0.772308","0.00195465","0.00671119","107.57663900009","16.48772199987","1.4999764999986"
"16.4936129999","107.579347","0.9","1","4","5","0.0137771","242.03","-0.887725458891","190.58","3.10826","4.25702","0.00117798729247","0.887725458891","0.359478978559","545.912","0.658536585366","5.06785","0","0.81482","0.629026","0.00975015","0.000187379","107.57934699996","16.49361299994","0.8999764999985"
"16.484956","107.590576","1.2","1","1","5.38073","0.0968635","89.9457","-0.593458425627","172.405","4.02192","2.39737","0.00382680977286","0.593458425627","2.98321844152","546.311","0.658536585366","4.41922","0","0.784446","0.749627","0.00729873","0.00193635","107.59057599978","16.484956000019","1.1999764999985"
"16.491528","107.585389","2.65","3","5","4","0.24587","103.142","-0.116352678657","178.172","1.46953","0.98743","0.00647501936925","0.116352678657","20.8338849183","546.064","0.673630401093","2.05706","0","0.833047","0.670987","0.135769","0.00487755","107.5853889998","16.491528000017","2.6499764999985"
"16.4920649996","107.578162","1.2","1","2","6","0.0100767","148.098","0.375908849425","183.306","1.12336","1.32231","0.000230618790959","-0.375908849425","3.73602478063","545.909","0.658536585366","6.78361","0","0.834718","0.674016","0.0258039","0.00379606","107.57816200018","16.4920649996","1.1999764999985"
"16.4804609996","107.583495","1.8","2","1","6.815","0.0127443","109.081","-0.777818648277","174.895","5.41348","3.19987","0.000805046632486","0.777818648277","0.351387692795","546.402","0.556875569224","2.7772","0","0.954672","0.952701","0.00102848","0.000237005","107.58349499969","16.480460999576","1.7999764999986"
"16.4430516108","107.620009229","1.2","1","1","3","0.0614245","102.493","0.298334418603","180.778","2.11489","0.965334","0.00106225946154","-0.298334418603","37.9501207629","548.269","0.658536585366","3.85055","0","0.389238","0.279619","0.0271648","0.0041136","107.62000922934","16.443051610843","1.1999764999985"
"16.488029854","107.623166451","1.95","2","3","0","0.0281737","48.2179","0.280000867049","178.633","1.2721","0.696829","0.000371134601195","-0.280000867049","16.266594269","547.223","0.707317073171","0.946526","0","0.442569","0.297221","0.108419","0.0052459","107.62316645137","16.488029853995","1.9499764999985"
"16.4912845742","107.622542425","1.3","1","3","2","0.00830426","259.758","0.422711114421","181.354","1.27086","1.09628","0.00273814891068","-0.422711114421","21.3852748943","547.201","0.658536585366","2.44107","0","0.435108","0.305285","0.00164321","0.0027165","107.62254242529","16.491284574224","1.2999764999986"
"16.4898859072","107.617998247","1.6","2","5","0","1.73268","194.259","0.753701664746","178.196","2.39214","1","0.030244104876","-0.753701664746","57.1340656949","546.692","0.658536585366","0.868082","0","0.419448","0.32605","0.0158358","0.00235554","107.61799824722","16.489885907209","1.5999764999985"
"16.4909441871","107.622012705","1.65","2","3","2","0.415528","322.089","0.327964225734","180","1.89718","0.897185","0.00609724154402","-0.327964225734","69.8107060773","547.203","0.658536585366","2.02286","0","0.431934","0.310185","0.00228433","0.00205969","107.62201270482","16.490944187125","1.6499764999985"
"16.4858653126","107.61665382","1.6","2","3","0","0.0194946","166.198","0.255661960469","180.393","1","1.17779","0.000444539225097","-0.255661960469","3.64803175486","546.764","0.731707317073","2.15958","0","0.462354","0.357967","0.0139417","0.0051589","107.61665382012","16.485865312634","1.5999764999985"
"16.4842029302","107.605567423","1.2","1","3","3.69654","0.373285","137.676","0.399660292747","173.04","3.07524","3.54541","0.0256022847843","-0.399660292747","4.76229769122","546.848","0.658536585366","2.51889","0","0.552783","0.533945","0.00893672","0.00104146","107.6055674231","16.484202930221","1.1999764999985"
"16.4744029999","107.613016","2.1","2","1","5","0.010044","90.495","-0.414506718476","182.21","3.04612","1.46944","0.000249086726256","0.414506718476","11.0655611701","547.2","0.637946906731","3.37179","0","0.523428","0.472548","0.0124484","0.00103712","107.61301600039","16.474402999899","2.0999764999985"
"16.4817454707","107.622683138","2","2","3","0.21038","0.21312","267.882","-0.144612883793","185","1","1.02485","0.0040882298472","0.144612883793","9.98212907121","547.34","0.658536585366","1.16729","0","0.406762","0.325478","0.0322598","0.0188827","107.62268313772","16.481745470677","1.9999764999986"
"16.4758059998","107.605806","2.14","2","3","5.36083","0.00823402","239.348","-0.559165981732","190.71","3.91982","4.53784","0.000657294187537","0.559165981732","0.137863018912","547.184","0.658536585366","1.9316","0","0.541401","0.638082","0.0149235","3.52213E-7","107.60580599975","16.475805999847","2.1399764999985"
"16.4738422519","107.603124035","1.6","2","3","4.07867","0.0109777","135.996","0.348467426841","176.177","2.56708","2.04435","0.000394652419562","-0.348467426841","0.306634053709","547.293","0.594528773738","1.38193","0","0.551216","0.702534","0.0901338","0.0114745","107.60312403525","16.473842251918","1.5999764999985"
"16.4772220004","107.610278","1.1","1","3","1","0.110521","0","0","180","0","0","0.000110503622544","0","104.624765152","547.093","0.639669272064","0.470223","1","0.526625","0.524202","0.0417443","0.00274536","107.61027800003","16.477222000395","1.0999764999985"
"16.4766940003","107.608861","1.95","2","3","1","0.0317987","276.58","0.735230272519","180.643","2.46659","1.03744","0.000643986352507","-0.735230272519","8.50608573432","547.126","0.717231312301","2.19244","0","0.536472","0.560955","0.0254569","0.00639855","107.60886100033","16.476694000328","1.9499764999985"
"16.4771390002","107.611056","1.5","2","3","1","0.0268368","0","0","180","0","0","2.6849616559E-5","0","26.4755119556","547.091","0.731707317073","0.383494","2.04054","0.524999","0.508999","0.0391961","0.00330584","107.61105599993","16.477139000165","1.4999764999986"
"16.477389","107.611667","1.4","1","3","1","0.0188763","0","0","180","0","0","1.94044901237E-5","0","19.211122903","547.076","0.731707317073","0.836191","1.888","0.519377","0.49539","0.0481533","0.00818648","107.61166700023","16.477389000002","1.3999764999985"
"16.4766389996","107.618444","1.8","2","3","1","0.0223193","45.7171","0.0474098175186","177.268","1","1.0182","0.000368906621892","-0.0474098175186","9.42060152526","547.518","0.707317073171","1.96936","0","0.452272","0.376393","0.0268951","0.0231801","107.61844399979","16.47663899959","1.7999764999986"
"16.4753060002","107.622139","1.5","2","3","2","0.00843736","0","0.24739087757","180","1.05232","0","8.4371818703E-6","-0.24739087757","8.4017289888","547.538","0.658536585366","3.16127","0","0.438553","0.336198","0.0195318","0.0186419","107.62213900021","16.475306000172","1.4999764999986"
"16.4752779998","107.626361","1.6","2","3","1","0.00884242","0","0","180","0","0","1.04237410152E-5","0","10.3695786259","547.514","0.731707317073","0.851121","0","0.423443","0.288239","0.0910627","0.00748035","107.62636099976","16.47527799978","1.5999764999985"
"16.4736939996","107.629639","1.6","2","5","0","0.585223","358.596","0.606316318103","179.995","2.05185","1.00243","0.0100148661806","-0.606316318103","25.908561291","547.553","0.696313934117","4.64813","0","0.447309","0.255329","0.013867","0.000346749","107.62963899984","16.473693999578","1.5999764999985"
"16.3934210003","107.580037","1.2","1","8","9.18259","0.039104","125.825","-0.0654617654789","177.14","2.62514","2.38317","0.00173721942206","0.0654617654789","0.968566960892","546.395","0.418273139434","4.11378","0","0.476305","0.244081","0.0189043","0.00218537","107.58003700031","16.393421000279","1.1999764999985"
"16.4918909997","107.59471","0.9","1","1","5.73785","0.00879274","95.9861","-0.156197879985","180","1.07033","0.536235","8.40619952487E-5","0.156197879985","4.46075491858","546.663","0.658536585366","5.92039","0","0.761058","0.590157","0.0434669","0.00201467","107.59470999977","16.49189099967","0.8999764999985"
"16.4853500002","107.595835","1.78","2","1","5","0.00895956","0.71828","0.00250685414344","180","0.0132872","0.00401274","9.51547243273E-6","-0.00250685414344","8.88794553671","546.793","0.682926829268","6.86616","0","0.735477","0.665423","0.0339496","0.00225301","107.59583500038","16.485350000202","1.7799764999986"
"16.4888460004","107.596718","1.6","2","5","4.60956","0.0442571","253.456","-0.177296974246","184.783","1.42042","1.04306","0.00084724291582","0.177296974246","3.16569284135","546.716","0.658536585366","1.25566","0","0.728028","0.608212","0.0179989","0","107.59671799974","16.488846000443","1.5999764999985"
"16.4947609998","107.600817","1.96","2","2","4","0.00952577","96.5933","-0.0650037732083","176","1.63855","1.16874","0.000194135539701","0.0650037732083","0.497636465597","546.668","0.658536585366","4.78175","0","0.631559","0.470031","0.0855071","0.0110916","107.6008169999","16.49476099982","1.9599764999984"
"16.4939409998","107.620519","1.45","1","3","1","0.0157784","328.093","0.529930779972","180.783","1","1.05664","0.000295906397317","-0.529930779972","0.863368014474","547.207","0.640084211704","4.19297","0","0.430415","0.323195","0.0485823","0.00157846","107.62051900015","16.493940999777","1.4499764999985"
"16.4939409998","107.620519","1.38","1","3","1","0.0157784","328.093","0.529930779972","180.783","1","1.05664","0.000295906397317","-0.529930779972","0.863368014474","547.207","0.640084211704","4.19297","0","0.430415","0.323195","0.0485823","0.00157846","107.62051900015","16.493940999777","1.3799764999985"
"16.493710884","107.626662539","1.9","2","3","0","0.0193097","343.897","0.31931008034","180","0.95793","0.95793","0.000321946027406","-0.31931008034","1.84684078951","547.2","0.658536585366","0.602377","0","0.466482","0.237399","0.0630827","0.00717927","107.62666253885","16.49371088395","1.8999764999985"
"16.4949554611","107.63007724","1.65","2","5","1.79065","0.0116554","203.752","0.314812969149","178.029","2.17598","1.49285","0.000312464420415","-0.314812969149","0.485777502859","547.213","0.653718343879","2.49602","0","0.472031","0.211728","0.0176489","0.00237988","107.63007724037","16.494955461126","1.6499764999985"
"16.4923275648","107.627191702","2.4","2","3","0.362312","0.00991889","295.965","0.439804074035","186.55","1.96154","2.40078","0.00134997178582","-0.439804074035","1.24907621452","547.197","0.731707317073","1.81078","0","0.480489","0.242496","0.0413407","0.0102466","107.62719170174","16.492327564765","2.3999764999985"
"16.4939409998","107.620519","1.55","2","3","1","0.0157784","328.093","0.529930779972","180.783","1","1.05664","0.000295906397317","-0.529930779972","0.863368014474","547.207","0.640084211704","4.19297","0","0.430415","0.323195","0.0485823","0.00157846","107.62051900015","16.493940999777","1.5499764999986"
"16.5260019998","107.577628","1.3","1","2","3","0.0253934","1.65311","-0.0214235078061","179.926","0.252886","0.0185742","3.01805398686E-5","0.0214235078061","24.4044553601","547.855","0.658536585366","2.83377","0","0.582423","0.258942","0.067707","0.00453225","107.57762799983","16.526001999793","1.2999764999986"
"16.4910519997","107.609609","1.7","2","3","2","0.0111104","39.1101","0.319162793208","176.711","1.26806","1.57955","0.000299524050094","-0.319162793208","2.46563268584","546.705","0.567895850098","2.27482","0","0.546519","0.397923","0.0345681","0.012815","107.60960899976","16.49105199965","1.6999764999985"
"16.4915017488","107.612367364","1.9","2","3","1","0.0101361","87.0337","0.265816339923","178.349","1.1326","0.674256","0.000117161676554","-0.265816339923","5.11550816919","546.694","0.651647384205","0.540678","0","0.516412","0.379651","0.0753463","0.00284369","107.61236736436","16.491501748807","1.8999764999985"
"16.4901263553","107.604853752","2","2","5","2.1321","0.246221","254.582","-0.0375180618365","182.307","2.65198","1.89033","0.00792259791211","0.0375180618365","7.21928683076","546.72","0.634146341463","3.01564","0","0.590385","0.472845","0.118935","0.00898534","107.6048537517","16.490126355347","1.9999764999986"
"16.495831176","107.593006788","0.99","1","2","5","54.9378","215.992","-0.551602244495","186.478","4.228","3.24144","3.38045416823","0.551602244495","70.9967149519","546.63","0.658536585366","4.2153","0","0.747224","0.517439","0.0115065","0.0168902","107.59300678813","16.495831175968","0.98997649999865"
"16.4899439998","107.595861","1.75","2","1","4.06736","0.0524922","73.5983","-0.0388087593541","176.03","1.68852","1.31997","0.0012070629895","0.0388087593541","2.80928454452","546.693","0.658536585366","0.605206","0","0.739003","0.606552","0.0118729","0.00620849","107.59586099979","16.489943999816","1.7499764999986"
"16.4949898656","107.59919134","1.85","2","2","4","0.0141932","241.795","-0.123199487719","184.305","1.50822","0.917926","0.000222384001482","0.123199487719","2.24279622972","546.664","0.658536585366","1.2558","0","0.661528","0.479378","0.0471428","0.00798686","107.59919134041","16.49498986559","1.8499764999985"
"16.5125508597","107.602141016","1.6","2","4","0.540617","0.00884924","190.498","0.582357364397","182.129","3.08175","2.92417","0.000552893047043","-0.582357364397","0.220983096839","547.309","0.58617934755","3.35817","0","0.478544","0.247111","0.000997947","0.00121734","107.602141016","16.512550859734","1.5999764999985"
"16.5246029596","107.614042071","1.7","2","3","0","0.0121701","193.534","0.738955948917","181.481","1.9504","1.9504","0.000417559034478","-0.738955948917","0.374214637893","548.146","0.658536585366","2.92992","0","0.591872","0.186808","0.00314029","0.0018875","107.61404207108","16.524602959559","1.6999764999985"
"16.5167065613","107.606250035","1.53","2","3","0","0.0110672","33.3433","0.66069940235","177.442","2.39315","1.16311","0.000202331065773","-0.66069940235","5.05764213999","547.586","0.678630557207","2.36341","0","0.503886","0.234414","0.0396356","0.00899337","107.60625003461","16.516706561259","1.5299764999986"
"16.5188029997","107.580888","1.75","2","3","3.64447","0.0428848","97.0287","-0.265326136757","178.193","1","1.76101","0.00125039052907","0.265326136757","4.87527272582","547.188","0.658536585366","1.20198","0","0.61518","0.271109","0.0317119","0.0012502","107.58088799998","16.518802999659","1.7499764999986"
"16.516861","107.584056","2","2","7","4","0.0182497","63.425","0.0405022692104","176.982","1.45676","0.774958","0.000254697468883","-0.0405022692104","5.34307878705","547.057","0.658536585366","2.39862","0","0.610426","0.277048","0.0613613","0.000953413","107.58405600038","16.516861000035","1.9999764999986"
"16.4971530004","107.592266","1.75","2","18","3","81.525","269","0.172328158275","192.387","4.47453","3.67745","6.36261341338","-0.172328158275","47.526076234","546.637","0.658549917112","3.25034","5.66798","0.747655","0.500382","0.00374929","0.0203003","107.59226600038","16.497153000411","1.7499764999986"
"16.499659","107.593419","2","2","1","6","0.0144307","174.134","-0.63945820455","177.653","1.0004","1.58673","0.000436637040556","0.63945820455","0.518563532943","546.691","0.658536585366","2.93508","0","0.697236","0.437416","0.0319283","0.00910921","107.59341899959","16.499658999963","1.9999764999986"
"16.5047039997","107.626432","1.8","2","3","2","0.0122501","166.638","-0.641313614788","179.519","1.65035","1.32456","0.000279169184974","0.641313614788","2.27956469895","547.408","0.658536585366","1.81752","0","0.477655","0.215744","0.000980568","0.00275428","107.62643200034","16.50470399969","1.7999764999986"
"16.5260019998","107.577628","1.7","2","2","3","0.0253934","1.65311","-0.0214235078061","179.926","0.252886","0.0185742","3.01805398686E-5","0.0214235078061","24.4044553601","547.855","0.658536585366","2.83377","0","0.582423","0.258942","0.067707","0.00453225","107.57762799983","16.526001999793","1.6999764999985"
"16.4872115024","107.62503264","2","2","3","1","0.117418","188.658","-0.166901295719","182.304","2","1.39889","0.00272837070767","0.166901295719","9.72594717361","547.229","0.634146341463","0.921163","0","0.469004","0.277102","0.0680439","0.000768215","107.62503263994","16.487211502409","1.9999764999986"
"16.5260019998","107.577628","1.75","2","2","3","0.0253934","1.65311","-0.0214235078061","179.926","0.252886","0.0185742","3.01805398686E-5","0.0214235078061","24.4044553601","547.855","0.658536585366","2.83377","0","0.582423","0.258942","0.067707","0.00453225","107.57762799983","16.526001999793","1.7499764999986"
"16.5334719998","107.558722","1.9","2","4","2","0.0162031","269","0.540540298174","185.419","1.20929","1.20929","0.000356608684978","-0.540540298174","0.837578550857","548.299","0.64848310303","3.53999","0","0.526961","0.25643","0.00184589","0.00187268","107.55872200032","16.533471999833","1.8999764999985"
"16.5489559998","107.565309","1.75","2","3","-1","0.067972","0","0","180","0","0","6.76558889867E-5","0","65.1957152684","551.142","0.682926829268","4.39431","22.9523","0.639429","0.214259","0.0340453","0.0610877","107.56530900011","16.54895599982","1.7499764999986"
"16.5405781171","107.567605846","1.8","2","3","0.412337","0.0325221","181.938","0.302299698063","180.326","1.9347","1.0653","0.000612227457565","-0.302299698063","1.7597898164","549.577","0.681455377769","0.937794","0.0287357","0.571316","0.244165","0.0320131","0.0056136","107.56760584613","16.540578117087","1.7999764999986"
"16.538890274","107.558550227","1.9","2","14","2","0.0100837","14.897","0.42741512455","179.313","1","0.180711","4.74332283593E-5","-0.42741512455","8.36542854492","549.11","0.658536585366","1.65237","0","0.54143","0.240702","2.99929E-5","0.0014404","107.55855022711","16.538890273967","1.8999764999985"
"16.542137108","107.556751752","2.2","2","3","1","103.41","201.853","0.0259436834888","181.556","1.57752","1.85369","3.61078881947","-0.0259436834888","323.671010685","549.595","0.658536585366","0.947549","6.50701","0.578721","0.24035","0.00453966","0.00258469","107.55675175209","16.542137108041","2.1999764999985"
"16.530669805","107.557932739","2","2","3","2","0.00829447","200.832","0.443782645617","182.042","2.66925","2.5916","0.000375483689816","-0.443782645617","0.189832661648","547.885","0.634146341463","1.17411","0","0.560538","0.268503","0.0322961","0.00527631","107.5579327391","16.530669804968","1.9999764999986"
"16.5517219997","107.475972","1.7","2","3","3","0.0374035","0","0","180","0","0","8.75712871274E-5","0","82.8849460766","554.219","0.70984676844","2.61255","0","0.377683","0.285218","0.130075","0.00869394","107.47597200011","16.551721999671","1.6999764999985"
"16.5562780002","107.491444","1.85","2","3","2","0.0683565","57.1181","0.244381490074","178.769","1.33762","0.704073","0.00102847286518","-0.244381490074","37.4108000531","555.459","0.634146341463","1.30544","0","0.358602","0.239713","0.0205119","0.00909585","107.49144400044","16.55627800023","1.8499764999985"
"16.5545279996","107.525222","2.15","2","3","1","2.51001","0","0","180","0","0","0.00239098304628","0","1221.10449392","551.633","0.707317073171","8.00715","26.612","0.710399","0.268059","0.0235899","0.0268418","107.5252219996","16.554527999568","2.1499764999985"
"16.541861","107.540694","1.66","2","3","1","0.742485","0","0","180","0","0","0.000688716019089","0","523.57993873","549.417","0.707317073171","0.679702","2.056","0.741666","0.309621","0.0174657","0.0166937","107.54069399993","16.541860999985","1.6599764999985"
"16.5421109998","107.541778","2.2","2","3","1","0.993505","281.077","0.136912238453","185.108","1.3222","1.3222","0.0228371127542","-0.136912238453","33.4891728757","549.457","0.707317073171","0.304784","1.18573","0.743104","0.308939","0.0162796","0.008099","107.54177799956","16.542110999823","2.1999764999985"
"16.5406160001","107.497265","0.5","0","3","2","0.100028","42.1544","0.152785742627","178.742","1","0.629171","0.000422776644215","-0.152785742627","83.818622003","549.712","0.677961221241","1.26818","0","0.618462","0.242439","0.0642726","0.0171244","107.49726499998","16.540616000128","0.49997649999864"
"16.534489","107.525193","1.4","1","14","4.06538","0.0339552","210.709","-0.0908305492627","186.982","2.0481","3.02091","0.00186621103721","0.0908305492627","2.47592239744","548.484","0.658536585366","2.17225","0","0.824577","0.305197","0.0196665","0.00261638","107.52519300006","16.534488999967","1.3999764999985"
"16.5369170004","107.522278","1.2","1","5","3","0.0150941","25.0344","0.136449309796","180.187","1.0415","0.111794","4.16625804784E-5","-0.136449309796","13.9447064852","548.924","0.658536585366","2.97184","0","0.849912","0.297686","0.00545022","0.0074138","107.52227799963","16.536917000419","1.1999764999985"
"16.5417500003","107.524861","1.3","1","19","1","0.123647","214.413","0.592123805129","179.488","3.60023","2.62896","0.00545272090366","-0.592123805129","2.74861612894","549.626","0.731707317073","2.4128","27.5","0.828483","0.276587","0.00239824","0.00286629","107.52486100004","16.541750000262","1.2999764999986"
"16.5504719996","107.526111","1.4","1","3","1","0.0750284","0","0","180","0","0","0.000136580684856","0","126.608530438","550.823","0.707317073171","0.946633","8.112","0.766166","0.263939","0.0811281","0.0202876","107.52611100012","16.550471999583","1.3999764999985"
"16.5562220003","107.552972","2.3","2","3","-0.811796","0.0610252","223.735","0.0489460598446","183.113","0.377383","0.936869","0.000906822462969","-0.0489460598446","11.2560531794","552.319","0.731707317073","1.37241","20","0.636376","0.180685","0.0142442","0.00555208","107.55297199956","16.556222000345","2.2999764999986"
"16.5555530001","107.579364","2.9","3","2","2","0.0210894","105.968","-0.503901125871","175.916","2.9774","2.26853","0.00083372814778","0.503901125871","0.546393826745","552.457","0.658536585366","2.33975","0","0.543479","0.145835","0.00117144","0.00493202","107.57936399985","16.555553000071","2.8999764999985"
"16.5436470904","107.603907549","1.85","2","3","-1","0.487353","0","0.0624336954377","180","0.561903","0","0.00048088858938","-0.0624336954377","391.486768611","550.806","0.707317073171","2.19633","22.0533","0.548976","0.174588","0.0675165","0.0224542","107.60390754889","16.543647090441","1.8499764999985"
"16.4724694089","107.493159091","0","0","14","125.842","0.0387631","69.9389","-3.76391921473","162.169","14.4768","14.187","0.00948947743971","3.76391921473","0.159708869018","546.623","0.173766334271","66.8018","0","0.322065","0.132987","0.151744","0.0363447","107.49315909122","16.472469408936","-2.3500001361754E-5"
"16.4574788049","107.476026972","0","0","14","208.719","0.0099009","335.851","-2.36329419886","209.842","32.9291","24.0983","0.00489320287268","2.36329419886","0.0241395116042","541.117","0.091681438077","186.616","0","0.262916","0.074296","0.130139","0.0935681","107.47602697207","16.457478804903","-2.3500001361754E-5"
"16.4574788049","107.492445253","0","0","14","172.126","0.0120054","338.611","1.53462375808","200.724","28.5505","18.2758","0.00396991161894","-1.53462375808","0.0371729000513","547.984","0.0134285947296","131.462","0","0.274567","0.0675507","0.237236","0.0465542","107.49244525345","16.457478804903","-2.3500001361754E-5"
"16.4610479965","107.505294342","0","0","14","153.163","0.00833081","70.1443","-3.88363373691","176.001","37.7198","31.3444","0.00507770190296","3.88363373691","0.0136446822253","551.034","0.0581165512541","126.27","0","0.270824","0.127666","0.267769","0.0394997","107.50529434236","16.461047996468","-2.3500001361754E-5"
"16.4463548243","107.477157216","0","0","14","186.518","0.00836474","289.031","-2.29463936428","242.058","29.9064","21.3868","0.00327801272955","2.29463936428","0.0213440588787","542.114","0.0727424959104","99.6969","0","0.222512","0.0473956","0.198196","0.134409","107.47715721573","16.446354824316","-2.3500001361754E-5"
"16.4453435538","107.468888589","0","0","14","93.2823","0.0125155","13.1149","0.0293522291406","171.211","24.2768","24.7442","0.00579916782405","-0.0293522291406","0.0292167046857","536.255","0","14.3536","0","0.20869","0.0795804","0.199159","0.109824","107.46888858894","16.445343553762","-2.3500001361754E-5"
"16.4327918967","107.46716348","0","0","14","159.387","0.0282159","290.498","-0.379120365095","220.493","19.904","14.2436","0.00751019671545","0.379120365095","0.130619737606","537.535","0.0487804878049","31.4367","0","0.130146","0.0752711","0.136776","0.07192","107.46716347971","16.432791896729","-2.3500001361754E-5"
"16.4289252724","107.609871654","0","0","14","67.7531","0.0181082","114.103","2.57186650563","124.427","24.4556","21.1292","0.00705823492791","-2.57186650563","0.0462912778013","547.004","0.121864980451","50.1474","0","0.224542","0.256783","0.270917","0.0267978","107.60987165395","16.428925272383","-2.3500001361754E-5"
"16.4303529488","107.484593032","0","0","14","181.48","0.00961823","215.26","-1.99808246338","210.711","19.0442","16.4489","0.00291585515105","1.99808246338","0.0348844559418","548.221","0.00334439523101","116.564","0","0.168944","0.0510217","0.204357","0.0818559","107.48459303164","16.43035294883","-2.3500001361754E-5"
"16.420597159","107.539677554","0","0","14","21.4841","0.0332558","304.307","1.10275868469","195.456","10.7625","9.95046","0.00576750150423","-1.10275868469","0.205052129075","549.37","0.390346884992","6.9938","0","0.428257","0.165894","0.0325126","0.0247152","107.53967755378","16.420597159032","-2.3500001361754E-5"
"16.4232145666","107.508149696","0","0","14","97.5548","0.0191609","131.757","0.996606960619","124.201","35.665","24.9485","0.00891382511025","-0.996606960619","0.0408251072544","555.466","0.314913551623","63.7338","0","0.198598","0.0702288","0.162405","0.00545597","107.50814969615","16.423214566599","-2.3500001361754E-5"
"16.4260699195","107.473885457","0","0","14","157.943","0.0110384","37.7821","-2.26613427781","158.227","20.0289","11.8316","0.00227592176991","2.26613427781","0.0657837947071","543.492","0.136997172071","78.3839","0","0.154184","0.0495918","0.113049","0.0692251","107.47388545695","16.426069919491","-2.3500001361754E-5"
"16.4099490709","107.512135293","0","0","14","259.754","0.0114865","210.767","-1.85090321256","188.562","12.3057","7.78635","0.0016000342508","1.85090321256","0.090084745048","557.182","0.00229962687178","150.494","0","0.160032","0.0514508","0.28626","0.0793183","107.51213529271","16.409949070893","-2.3500001361754E-5"
"16.4149459389","107.488578629","0","0","14","219.548","0.0161723","121.468","-2.94390278179","149.217","25.5821","16.013","0.00469794093388","2.94390278179","0.0577363715067","552.284","0.000650445474085","54.3998","0","0.21073","0.0631418","0.225912","0.0782251","107.4885786291","16.414945938904","-2.3500001361754E-5"
"16.4075101239","107.53015971","0","0","14","104.119","0.0164481","225.98","2.37942621515","185.103","13.7784","7.40122","0.00199955915586","-2.37942621515","0.136258936611","550.26","0.123187631084","58.7508","0","0.133272","0.0980031","0.229709","0.0104553","107.5301597102","16.407510123893","-2.3500001361754E-5"
"16.4132208297","107.480310002","0","0","14","78.4249","0.0982361","249.288","4.85268598986","218.569","23.0179","21.6688","0.0355852135589","-4.85268598986","0.261445540501","549.462","0.0311505151803","19.0565","0","0.192602","0.0609541","0.215451","0.0648984","107.4803100023","16.413220829678","-2.3500001361754E-5"
"16.3949584669","107.519273676","0","0","14","228.136","0.0129823","274.803","0.375399388394","247.353","25.0689","21.9443","0.00525109533262","-0.375399388394","0.0321241536103","551.882","0","123.234","0","0.0547198","0.0501888","0.119715","0.0377487","107.51927367584","16.39495846686","-2.3500001361754E-5"
"16.4010855785","107.542413934","0","0","11","96.6526","0.0300397","307.469","-1.34425326964","200.409","13.2765","8.2789","0.004173846774","1.34425326964","0.228530504601","547.883","0.00884027119901","8.1119","0","0.143385","0.130207","0.166621","0.0143581","107.54241393446","16.401085578537","-2.3500001361754E-5"
"16.3928169517","107.53854731","0","0","14","267.415","0.0166479","61.9638","-3.81137060044","121.478","33.4618","22.0001","0.00682200198214","3.81137060044","0.0414710641732","550.337","0.0243902439024","154.916","0","0.0608683","0.113438","0.256805","0.0483285","107.53854731011","16.392816951741","-2.3500001361754E-5"
"16.3892477602","107.530695088","0","0","14","207.412","0.0562503","236.935","0.283822612936","200.323","12.0966","7.45707","0.00735308018413","-0.283822612936","0.427473918191","550.102","0.00614503568529","10.7193","0","0.061456","0.0754653","0.420936","0.0239656","107.53069508831","16.389247760176","-2.3500001361754E-5"
"16.3932333576","107.498036986","0","0","14","41.547","0.0881886","316.976","1.75998328437","195.254","8.2765","6.81659","0.012034726045","-1.75998328437","1.5194938062","556.542","0.193734176349","1.13407","0","0.212118","0.0714028","0.0562292","0.0106488","107.49803698612","16.393233357633","-2.3500001361754E-5"
"16.3860949745","107.545269287","0","0","14","155.407","0.0179308","109.933","-0.759069414834","164.118","10.7792","6.54404","0.00204431256667","0.759069414834","0.15707693201","548.482","0.0479734612939","47.4517","0","0.193896","0.165017","0.179488","0.0792069","107.54526928735","16.386094974504","-2.3500001361754E-5"
"16.3882364896","107.506008181","0","0","14","127.893","0.0963597","153.245","-0.689122009139","170.952","9.47523","7.60014","0.0126103106762","0.689122009139","0.741285667135","556.591","0","3.06713","0","0.177498","0.0826997","0.234049","0.0605702","107.50600818103","16.388236489622","-2.3500001361754E-5"
"16.4034998517","107.638175953","1.2","1","10","14","1.07297","89.0154","0.0561087437383","182.721","2.23291","0.803483","0.00806648659616","-0.0561087437383","528.682396969","546.542","0.657554314682","2.24275","0","0.197774","0.185961","0.0133264","0.0215261","107.63817595286","16.403499851737","1.1999764999985"
"16.484722","107.635944","1.95","2","3","2","0.00934307","67.5041","0.322193019039","179.262","1.41417","0.660822","0.000103804034009","-0.322193019039","5.8704726621","547.289","0.646467314923","2.19848","0","0.494419","0.228663","0.0297814","0.0109862","107.63594400012","16.48472200002","1.9499764999985"
"16.4839440001","107.634722","2.2","2","3","0","0.016556","63.0044","-0.0520482812749","181.171","0.234217","0.234217","8.52589372893E-5","0.0520482812749","12.5205973004","547.294","0.707317073171","2.28285","0","0.504565","0.238524","0.011982","0.0212574","107.63472200042","16.483944000116","2.1999764999985"
"16.4802752968","107.643364843","1.9","2","3","1","0.013951","239.824","0.155772262584","185.581","2.3335","1.85495","0.00064398860779","-0.155772262584","0.60222772833","547.441","0.687405733941","3.46352","0.0162026","0.477034","0.200916","0.0982168","0.0117703","107.64336484321","16.480275296768","1.8999764999985"
"16.4651939997","107.641647","2.2","2","2","3","0.0170356","54.3323","0.0214521581093","181.213","1","0.485109","0.000163977418292","-0.0214521581093","12.3304428999","547.633","0.658536585366","2.91869","0","0.512845","0.215814","0.0191889","0.00188999","107.64164699961","16.465193999703","2.1999764999985"
"16.4879945223","107.632521621","1.95","2","3","0.752668","0.0146136","205.625","0.432312143451","182.885","2.31471","2.5546","0.000614277325768","-0.432312143451","0.358054684","547.23","0.625958115636","1.49791","0","0.492789","0.231916","0.0258416","0.0036203","107.63252162108","16.487994522329","1.9499764999985"
"16.4651939997","107.641647","2.3","2","2","3","0.0170356","54.3323","0.0214521581093","181.213","1","0.485109","0.000163977418292","-0.0214521581093","12.3304428999","547.633","0.658536585366","2.91869","0","0.512845","0.215814","0.0191889","0.00188999","107.64164699961","16.465193999703","2.2999764999986"
"16.5169899997","107.639289","1.9","2","18","-1","0.0545304","0","0","180","0","0","5.45457266895E-5","0","53.1083457655","548.004","0.731707317073","0","98.344","0.463968","0.117095","0.00126228","0.0165937","107.63928899969","16.516989999689","1.8999764999985"
"16.488543","107.64036","1.5","2","3","1","0.0395409","88.1198","-0.0582141639913","175.379","1.86392","1.26791","0.000913258117964","0.0582141639913","1.97549400757","547.289","0.658536585366","0.887111","0","0.466474","0.207426","0.0754365","0.00725953","107.64035999961","16.48854299996","1.4999764999986"
"16.5449748891","107.635294762","2","2","3","-0.281139","0.0201686","187.691","0.648777458289","183.35","2.09704","2.40359","0.00101959898323","-0.648777458289","0.676443045119","549.99","0.666277716408","2.60037","20.896","0.726818","0.19314","0.0218019","0.00278098","107.63529476244","16.54497488908","1.9999764999986"
"16.3860949745","107.634855994","0","0","3","26.6603","0.160961","70.789","2.2207744202","172.16","8.41988","3.48822","0.00943052473628","-2.2207744202","2.68480386761","546.782","0.198849204864","3.13186","0","0.128474","0.136359","0.158006","0.0293176","107.63485599401","16.386094974504","-2.3500001361754E-5"
"16.5643700002","107.485433","1.5","2","5","4.19333","0.0179342","224.809","-0.338339163863","178.973","4.5835","3.5838","0.00115969053367","0.338339163863","0.289737456356","556.742","0.634146341463","3.5653","0","0.3162","0.244101","0.0567968","0.0104486","107.48543300023","16.564370000175","1.4999764999986"
"16.5657330001","107.551995","2.2","2","3","0","0.0315795","0","0.16084789364","180","1.29442","0","3.10684210953E-5","-0.16084789364","30.5804412654","554.32","0.731707317073","1.68619","0","0.65466","0.130338","0.0157464","0.00780548","107.55199500037","16.565733000078","2.1999764999985"
"16.5579439997","107.553528","1.7","2","3","-1","0.10919","0","0","180","0","0","0.000161556648102","0","149.696878869","552.671","0.731707317073","1.4882","19.8329","0.635835","0.17429","0.0193491","0.00603195","107.55352800002","16.557943999716","1.6999764999985"
"16.5593610003","107.521694","1.75","2","3","1","0.010923","0","0","180","0","0","1.15208637449E-5","0","11.454929192","552.684","0.707317073171","1.91613","7.056","0.693637","0.302831","0.0792784","0.0338315","107.52169399968","16.55936100031","1.7499764999986"
"16.4208020003","107.68487","1.85","2","8","5","0.0209222","110.332","0.257185798137","180","1","0.616382","0.000230031924151","-0.257185798137","8.84661989737","548.288","0.703850683273","5.20408","0","0.318343","0.327832","0.188227","0.00499914","107.68486999995","16.420802000312","1.8499764999985"
"16.4249661788","107.690232819","2.35","2","3","1","0.0842835","252.849","0.909006857538","191.165","2.86848","3.53689","0.00514331296658","-0.909006857538","1.30782436498","548.12","0.682926829268","2.67772","0","0.370821","0.305908","0.137663","0.0104271","107.69023281919","16.424966178846","2.3499764999985"
"16.4225381829","107.684887639","1.25","1","5","4.96264","0.00996456","197.998","-0.5067275033","185.481","6.5687","5.20208","0.000916384288348","0.5067275033","0.115989407865","548.218","0.682926829268","1.40334","0","0.34141","0.314038","0.220269","0.00481788","107.68488763925","16.422538182891","1.2499764999986"
"16.4695120001","107.662967","3","3","3","0","0.10659","128.829","0.229790693937","178.97","2.06471","1.27356","0.0025177991091","-0.229790693937","21.6284874896","547.967","0.707317073171","1.38691","0","0.408446","0.201976","0.0111598","0.0130672","107.66296699983","16.469512000079","2.9999764999986"
"16.4902072422","107.669466906","1.5","2","3","2.94471","0.0170338","224.678","-0.705983518418","186.759","3","2.84406","0.000837362558481","0.705983518418","0.389595397428","548.332","0.634146341463","2.91823","0","0.338424","0.148377","0.0837953","0.00671996","107.66946690567","16.490207242171","1.4999764999986"
"16.5017155561","107.679408901","0.92","1","3","2.92499","0.139878","355.206","1.10385632781","180.513","3.60702","2.12509","0.00525850496168","-1.10385632781","4.70033176392","548.594","0.471361747338","3.92025","0","0.296854","0.0942265","0.135362","0.00562376","107.679408901","16.501715556128","0.91997649999848"
"16.5017155561","107.679408901","1.25","1","3","2.92499","0.139878","355.206","1.10385632781","180.513","3.60702","2.12509","0.00525850496168","-1.10385632781","4.70033176392","548.594","0.471361747338","3.92025","0","0.296854","0.0942265","0.135362","0.00562376","107.679408901","16.501715556128","1.2499764999986"
"16.4370060002","107.724113","2.6","3","5","2","0.0208707","168.087","0.220151798231","178.383","2.9387","2.94722","0.00110405311329","-0.220151798231","0.436208980498","546.704","0.658243213248","0.876666","0","0.30108","0.215328","0.120434","0.00030523","107.72411300021","16.437006000227","2.5999764999985"
"16.5463144562","107.666020634","2.25","2","18","0.2348","0.0250949","225.912","0.174555683192","188.813","4.0443","3.86405","0.00167274747925","-0.174555683192","0.41857761945","550.607","0.622193327594","2.3303","50.3477","0.644156","0.115636","0.0034587","0.00478051","107.66602063434","16.546314456247","2.2499764999986"
"16.3913892753","107.663469013","0","0","4","48.9561","0.0123398","52.3527","4.23242138025","140.996","27.0146","16.1118","0.00353690939998","-4.23242138025","0.0447499385822","547.672","0.143759741119","40.4086","0","0.200227","0.1647","0.0970439","0.0455127","107.66346901308","16.391389275295","-2.3500001361754E-5"
"16.4741350316","107.461155341","0","0","8","19","0.0140729","80.6578","-0.932494936137","176.132","2.83059","2.77285","0.000681338363418","0.932494936137","0.327643707475","550.415","0.68447777655","14.2836","0","0.608338","0.0603689","0.10141","0.00982385","107.68105960841","16.540506645266","-2.3500001361754E-5"
"16.4741350316","107.461155341","0","0","1","18","0.00845702","145.08","-0.369674198858","180.193","1.0993","0.609117","0.000107859261867","0.369674198858","4.83772886165","549.359","0.719512195122","19.2504","0","0.582135","0.0684708","0.0966271","0.0146877","107.69444185501","16.531045639745","-2.3500001361754E-5"
"16.6217510949","107.438816851","1.7","2","5","5.35995","6.18267","186.877","0.391545925781","184.307","1.86147","2.06138","0.20470557856","-0.391545925781","278.359701981","572.724","0.634146341463","1.0763","0","0.432041","0.155941","0.083381","0.0099502","107.43881685062","16.621751094937","1.6999764999985"
"16.6243740612","107.42555978","1.9","2","14","4.04406","0.0125033","70.1742","0.507955204738","169.908","3.31234","3.28096","0.000718099287576","-0.507955204738","0.220710437628","573.492","0.658536585366","5.2271","0","0.395974","0.154122","0.0741055","0.00107979","107.42555977976","16.624374061214","1.8999764999985"
"16.5712680242","107.387626013","1.05","1","8","9.78261","0.0179849","38.222","0.0682652772916","179.27","0.329329","0.545963","0.000140857260713","-0.0682652772916","15.2119935165","563.142","0.682926829268","5.07458","0","0.242541","0.186288","0.0525451","0.00214459","107.38762601343","16.5712680242","1.0499764999986"
"16.6096765831","107.457248187","1.4","1","8","5","0.107637","45.2485","0.133934782786","180","0.591535","0.12604","0.000231968820531","-0.133934782786","94.7941948069","568.656","0.665205218753","1.42454","0","0.495309","0.149529","0.0911348","0.0508531","107.45724818705","16.609676583108","1.3999764999985"
"16.5690560004","107.500639","1.4","1","14","4.45839","0.00856042","265.092","-0.243360699646","184.802","2.04282","1.04282","0.000157943512892","0.243360699646","0.479450884036","556.972","0.658536585366","2.7757","0","0.426109","0.274844","0.044107","0.00605149","107.50063899999","16.569056000434","1.3999764999985"
"16.5718329999","107.507889","1.92","2","3","1.46091","0.106998","209.099","0.344378223399","184.423","2.25011","1.76931","0.00336949940521","-0.344378223399","12.9545344979","557.796","0.731707317073","1.08894","11.816","0.493713","0.270681","0.00490823","0.00767343","107.50788899978","16.571832999893","1.9199764999985"
"16.5690560004","107.516833","1.75","2","3","1","0.234049","0","0","180","0","0","0.000236024752899","0","210.680431748","556.917","0.731707317073","3.75102","10.1504","0.587845","0.277852","0.0359406","0.00411315","107.51683300034","16.569056000434","1.7499764999986"
"16.5725000001","107.507139","2.1","2","3","1.89569","0.0665191","83.6507","-0.171359133301","177.503","1.03859","1.24852","0.00162536432021","0.171359133301","21.3140098675","557.936","0.707317073171","1.14717","5.388","0.492939","0.275843","0.0157751","0.0107059","107.50713900026","16.572500000075","2.0999764999985"
"16.5714480001","107.51234","1.8","2","5","4.80338","0.0238744","59.0695","-0.484537319246","176.18","2","2.02424","0.000842670805922","0.484537319246","0.676204544199","557.784","0.634146341463","0.88156","0","0.519515","0.279356","0.12265","0.000137067","107.51233999999","16.571448000125","1.7999764999986"
"16.5850679996","107.509097","1.7","2","8","4","0.0115409","120.662","0.309188768615","180.571","1","0.637151","0.000170560589774","-0.309188768615","4.06465021101","561.153","0.682926829268","0.497564","0","0.488226","0.23936","0.10841","0.0101735","107.50909699973","16.585067999589","1.6999764999985"
"16.5682880001","107.52241","1.6","2","5","2.63705","0.0165451","254.759","0.361414069936","182.916","2","1.98323","0.000565413875698","-0.361414069936","0.471982301348","556.7","0.658536585366","0.897093","0","0.658866","0.274624","0.0736749","0.00352277","107.52241000032","16.568288000091","1.5999764999985"
"16.5683609999","107.557083","2.96","3","3","-0.110336","0.0805804","58.0499","-0.25499800581","178.267","1","0.866417","0.00179075330459","0.25499800581","30.3845842961","554.967","0.667162568581","2.60032","21.1026","0.583676","0.0861112","0.0284539","0.0360414","107.55708300028","16.56836099986","2.9599764999984"
"16.574389","107.509278","1.55","2","5","4","0.0142403","20.8836","0.294977544336","180","1","0.116668","4.69587874442E-5","-0.294977544336","12.7209369332","558.433","0.658536585366","1.44524","0","0.504334","0.27285","0.0685527","0.00332903","107.50927799998","16.574388999952","1.5499764999986"
"16.5747779999","107.516667","1.75","2","5","4","0.00859139","101.211","-0.514726325701","176.241","3.03559","1.09006","0.000164295921197","0.514726325701","0.466936591149","558.218","0.658536585366","2.35321","0","0.604055","0.260785","0.016992","0.000405286","107.51666699988","16.574777999905","1.7499764999986"
"16.5878059999","107.509139","1.8","2","8","4","0.00925177","145.13","0.508315544252","177.296","1.02306","1.65287","0.00027084046351","-0.508315544252","0.348940730338","561.894","0.682926829268","5.26499","0","0.460372","0.2258","0.107198","0.0136938","107.50913899987","16.587805999947","1.7999764999986"
"16.592722","107.508028","2.19","2","5","2.97672","0.008797","311.261","0.00737308724108","188.87","4.96753","3.83534","0.000590105050315","-0.00737308724108","0.139952517335","564.315","0.65780090076","3.75322","0","0.396469","0.216026","0.058358","0.015023","107.50802799989","16.59272200002","2.1899764999985"
"16.6365559998","107.492694","1.5","2","18","-1","35.7","0","0","180","0","0","0.0357000279322","0","3601.94623327","574.19","0.724774178164","0","97.9238","0.301611","0.0876533","0.0132874","0.00565743","107.49269399963","16.63655599976","1.4999764999986"
"16.6203610003","107.519833","2.72","3","18","-1.88528","67.4562","273.104","0.369580510006","180.7","1","0.825554","0.993070367962","-0.369580510006","1059.21778487","571.634","0.682926829268","0","99","0.46735","0.104779","0.0146567","0.00337753","107.51983300019","16.62036100026","2.7199764999984"
"16.6520829999","107.470417","2","2","3","0","0.0135395","0","0.0277175273928","180","0.249458","0","1.81276235648E-5","-0.0277175273928","17.9530873967","577.18","0.731707317073","3.53138","0","0.291885","0.11659","0.0729547","0.00521008","107.47041700024","16.652082999931","1.9999764999986"
"16.6389719997","107.486417","1.7","2","18","-1","40.9738","4.57337","0.139424478089","180.102","1","0.0408337","0.0662012625397","-0.139424478089","3668.62965134","575.587","0.658536585366","0","27.488","0.263539","0.104101","0.0190713","0.00248252","107.48641699974","16.638971999658","1.6999764999985"
"16.5908801993","107.590152312","2.15","2","8","-0.187371","0.00128158","29.0717","0.564255065713","169.586","6.81892","6.6106","0.000292402302439","-0.564255065713","-0.375532423192","559.959","0.69512195122","9.02018","0.00908817","0.588666","0.0757953","0.000328771","0.0313699","107.59015231208","16.590880199262","2.1499764999985"
"16.4741350316","107.461155341","0","0","8","33","0.00865099","5.29432","-0.480151456582","179.519","1.36014","0.240651","4.23374421699E-5","0.480151456582","7.66640608613","565.955","0.67987325535","31.6153","0","0.540155","0.0682359","0.0746414","0.0200857","107.56480181755","16.60510089549","-2.3500001361754E-5"
"16.4741350316","107.461155341","0","0","8","33.4572","0.0191789","208.288","-1.9463733319","197.566","16.9885","10.8564","0.00375576055338","1.9463733319","0.149906599033","563.311","0.472578187255","24.3047","0","0.568393","0.0672583","0.0920917","0.0100943","107.57765279504","16.595900403781","-2.3500001361754E-5"
"16.4741350316","107.461155341","0","0","8","22","0.0122667","323.395","-0.192344973383","182.419","1.47578","1.52004","0.000309652986181","0.192344973383","0.494741798536","576.844","0.572008428895","23.1538","0","0.497356","0.0866386","0.216353","0.0641592","107.4970620122","16.649026518159","-2.3500001361754E-5"
